BIBTEXKEY,author_first,author_year,citation,study,summarized_in,pub_year,fig_table,age,age_units,age_mos,age_grp_rog,binoc_monoc,eye,n_participants,distance_cm,start_card_cyc_deg,mean_acuity_cyc_deg,lower_limit_cyc_deg,closest_card_cyc_deg,upper_limit_cyc_deg,sd,sd_units,country,card_type
Salomao1995-pg,Salomao,Salomao1995,"Salomao, S. R. & Ventura, D. F. (1995). Large sample population age norms for visual acuities obtained with Vistech-Teller Acuity Cards. Investigative Ophthalmology & Visual Science, 36(3), 657–670.",NA,NA,,table_01,NA,NA,,0.5,binoc,NA,17,38,0.3,0.66,0.27,0.22,NA,NA,NA,brazil,tac_i
Salomao1995-pg,Salomao,Salomao1995,"Salomao, S. R. & Ventura, D. F. (1995). Large sample population age norms for visual acuities obtained with Vistech-Teller Acuity Cards. Investigative Ophthalmology & Visual Science, 36(3), 657–670.",NA,NA,,table_01,NA,NA,,2,binoc,NA,9,38,0.3,2.02,0.23,0.22,NA,NA,NA,brazil,tac_i
Salomao1995-pg,Salomao,Salomao1995,"Salomao, S. R. & Ventura, D. F. (1995). Large sample population age norms for visual acuities obtained with Vistech-Teller Acuity Cards. Investigative Ophthalmology & Visual Science, 36(3), 657–670.",NA,NA,,table_01,NA,NA,,3,binoc,NA,21,38,0.44,3.89,1.59,1.1,NA,NA,NA,brazil,tac_i
Salomao1995-pg,Salomao,Salomao1995,"Salomao, S. R. & Ventura, D. F. (1995). Large sample population age norms for visual acuities obtained with Vistech-Teller Acuity Cards. Investigative Ophthalmology & Visual Science, 36(3), 657–670.",NA,NA,,table_01,NA,NA,,4,binoc,NA,25,38,0.44,5.48,2.14,1.7,NA,NA,NA,brazil,tac_i
Salomao1995-pg,Salomao,Salomao1995,"Salomao, S. R. & Ventura, D. F. (1995). Large sample population age norms for visual acuities obtained with Vistech-Teller Acuity Cards. Investigative Ophthalmology & Visual Science, 36(3), 657–670.",NA,NA,,table_01,NA,NA,,6,binoc,NA,30,38,0.44,7.44,3.38,3.1,NA,NA,NA,brazil,tac_i
Salomao1995-pg,Salomao,Salomao1995,"Salomao, S. R. & Ventura, D. F. (1995). Large sample population age norms for visual acuities obtained with Vistech-Teller Acuity Cards. Investigative Ophthalmology & Visual Science, 36(3), 657–670.",NA,NA,,table_01,NA,NA,,8,binoc,NA,34,55,1.3,9.81,5.1,3.1,NA,NA,NA,brazil,tac_i
Salomao1995-pg,Salomao,Salomao1995,"Salomao, S. R. & Ventura, D. F. (1995). Large sample population age norms for visual acuities obtained with Vistech-Teller Acuity Cards. Investigative Ophthalmology & Visual Science, 36(3), 657–670.",NA,NA,,table_01,NA,NA,,10,binoc,NA,35,55,1.3,11.59,6.05,4.7,NA,NA,NA,brazil,tac_i
Salomao1995-pg,Salomao,Salomao1995,"Salomao, S. R. & Ventura, D. F. (1995). Large sample population age norms for visual acuities obtained with Vistech-Teller Acuity Cards. Investigative Ophthalmology & Visual Science, 36(3), 657–670.",NA,NA,,table_01,NA,NA,,12,binoc,NA,40,55,1.3,11.08,4.13,3.1,NA,NA,NA,brazil,tac_i
Salomao1995-pg,Salomao,Salomao1995,"Salomao, S. R. & Ventura, D. F. (1995). Large sample population age norms for visual acuities obtained with Vistech-Teller Acuity Cards. Investigative Ophthalmology & Visual Science, 36(3), 657–670.",NA,NA,,table_01,NA,NA,,14,binoc,NA,34,55,1.3,13.04,5.63,4.7,NA,NA,NA,brazil,tac_i
Salomao1995-pg,Salomao,Salomao1995,"Salomao, S. R. & Ventura, D. F. (1995). Large sample population age norms for visual acuities obtained with Vistech-Teller Acuity Cards. Investigative Ophthalmology & Visual Science, 36(3), 657–670.",NA,NA,,table_01,NA,NA,,16,binoc,NA,41,55,1.3,13.08,5.91,4.7,NA,NA,NA,brazil,tac_i
Salomao1995-pg,Salomao,Salomao1995,"Salomao, S. R. & Ventura, D. F. (1995). Large sample population age norms for visual acuities obtained with Vistech-Teller Acuity Cards. Investigative Ophthalmology & Visual Science, 36(3), 657–670.",NA,NA,,table_01,NA,NA,,18,binoc,NA,35,55,1.3,12.39,5.1,4.7,NA,NA,NA,brazil,tac_i
Salomao1995-pg,Salomao,Salomao1995,"Salomao, S. R. & Ventura, D. F. (1995). Large sample population age norms for visual acuities obtained with Vistech-Teller Acuity Cards. Investigative Ophthalmology & Visual Science, 36(3), 657–670.",NA,NA,,table_01,NA,NA,,20,binoc,NA,37,55,2.4,13.81,6.6,4.7,NA,NA,NA,brazil,tac_i
Salomao1995-pg,Salomao,Salomao1995,"Salomao, S. R. & Ventura, D. F. (1995). Large sample population age norms for visual acuities obtained with Vistech-Teller Acuity Cards. Investigative Ophthalmology & Visual Science, 36(3), 657–670.",NA,NA,,table_01,NA,NA,,22,binoc,NA,36,55,2.4,14.76,7.68,6.4,NA,NA,NA,brazil,tac_i
Salomao1995-pg,Salomao,Salomao1995,"Salomao, S. R. & Ventura, D. F. (1995). Large sample population age norms for visual acuities obtained with Vistech-Teller Acuity Cards. Investigative Ophthalmology & Visual Science, 36(3), 657–670.",NA,NA,,table_01,NA,NA,,24,binoc,NA,44,55,2.4,14.64,6.2,4.7,NA,NA,NA,brazil,tac_i
Salomao1995-pg,Salomao,Salomao1995,"Salomao, S. R. & Ventura, D. F. (1995). Large sample population age norms for visual acuities obtained with Vistech-Teller Acuity Cards. Investigative Ophthalmology & Visual Science, 36(3), 657–670.",NA,NA,,table_01,NA,NA,,26,binoc,NA,37,55,2.4,16.66,8.92,6.4,NA,NA,NA,brazil,tac_i
Salomao1995-pg,Salomao,Salomao1995,"Salomao, S. R. & Ventura, D. F. (1995). Large sample population age norms for visual acuities obtained with Vistech-Teller Acuity Cards. Investigative Ophthalmology & Visual Science, 36(3), 657–670.",NA,NA,,table_01,NA,NA,,28,binoc,NA,42,55,2.4,15.28,7.25,6.4,NA,NA,NA,brazil,tac_i
Salomao1995-pg,Salomao,Salomao1995,"Salomao, S. R. & Ventura, D. F. (1995). Large sample population age norms for visual acuities obtained with Vistech-Teller Acuity Cards. Investigative Ophthalmology & Visual Science, 36(3), 657–670.",NA,NA,,table_01,NA,NA,,30,binoc,NA,35,55,2.4,17.24,8.61,6.4,NA,NA,NA,brazil,tac_i
Salomao1995-pg,Salomao,Salomao1995,"Salomao, S. R. & Ventura, D. F. (1995). Large sample population age norms for visual acuities obtained with Vistech-Teller Acuity Cards. Investigative Ophthalmology & Visual Science, 36(3), 657–670.",NA,NA,,table_01,NA,NA,,32,binoc,NA,25,55,2.4,17.36,9.96,6.4,NA,NA,NA,brazil,tac_i
Salomao1995-pg,Salomao,Salomao1995,"Salomao, S. R. & Ventura, D. F. (1995). Large sample population age norms for visual acuities obtained with Vistech-Teller Acuity Cards. Investigative Ophthalmology & Visual Science, 36(3), 657–670.",NA,NA,,table_01,NA,NA,,34,binoc,NA,37,55,2.4,19.19,9.5,6.4,NA,NA,NA,brazil,tac_i
Salomao1995-pg,Salomao,Salomao1995,"Salomao, S. R. & Ventura, D. F. (1995). Large sample population age norms for visual acuities obtained with Vistech-Teller Acuity Cards. Investigative Ophthalmology & Visual Science, 36(3), 657–670.",NA,NA,,table_01,NA,NA,,36,binoc,NA,32,55,2.4,17.82,7.12,6.4,NA,NA,NA,brazil,tac_i
Salomao1995-pg,Salomao,Salomao1995,"Salomao, S. R. & Ventura, D. F. (1995). Large sample population age norms for visual acuities obtained with Vistech-Teller Acuity Cards. Investigative Ophthalmology & Visual Science, 36(3), 657–670.",NA,NA,,table_02,NA,NA,,2,monoc,NA,8,38,0.44,2.31,0.42,0.6,NA,NA,NA,brazil,tac_i
Salomao1995-pg,Salomao,Salomao1995,"Salomao, S. R. & Ventura, D. F. (1995). Large sample population age norms for visual acuities obtained with Vistech-Teller Acuity Cards. Investigative Ophthalmology & Visual Science, 36(3), 657–670.",NA,NA,,table_02,NA,NA,,3,monoc,NA,21,38,0.44,3.09,1.18,1.1,NA,NA,NA,brazil,tac_i
Salomao1995-pg,Salomao,Salomao1995,"Salomao, S. R. & Ventura, D. F. (1995). Large sample population age norms for visual acuities obtained with Vistech-Teller Acuity Cards. Investigative Ophthalmology & Visual Science, 36(3), 657–670.",NA,NA,,table_02,NA,NA,,4,monoc,NA,25,38,0.44,4.15,1.57,2.2,NA,NA,NA,brazil,tac_i
Salomao1995-pg,Salomao,Salomao1995,"Salomao, S. R. & Ventura, D. F. (1995). Large sample population age norms for visual acuities obtained with Vistech-Teller Acuity Cards. Investigative Ophthalmology & Visual Science, 36(3), 657–670.",NA,NA,,table_02,NA,NA,,6,monoc,NA,30,38,0.44,7.18,2.78,2.2,NA,NA,NA,brazil,tac_i
Salomao1995-pg,Salomao,Salomao1995,"Salomao, S. R. & Ventura, D. F. (1995). Large sample population age norms for visual acuities obtained with Vistech-Teller Acuity Cards. Investigative Ophthalmology & Visual Science, 36(3), 657–670.",NA,NA,,table_02,NA,NA,,8,monoc,NA,34,55,1.3,8.31,4.31,3.2,NA,NA,NA,brazil,tac_i
Salomao1995-pg,Salomao,Salomao1995,"Salomao, S. R. & Ventura, D. F. (1995). Large sample population age norms for visual acuities obtained with Vistech-Teller Acuity Cards. Investigative Ophthalmology & Visual Science, 36(3), 657–670.",NA,NA,,table_02,NA,NA,,10,monoc,NA,35,55,1.3,10.88,4.26,3.2,NA,NA,NA,brazil,tac_i
Salomao1995-pg,Salomao,Salomao1995,"Salomao, S. R. & Ventura, D. F. (1995). Large sample population age norms for visual acuities obtained with Vistech-Teller Acuity Cards. Investigative Ophthalmology & Visual Science, 36(3), 657–670.",NA,NA,,table_02,NA,NA,,12,monoc,NA,40,55,1.3,9.82,4,3.2,NA,NA,NA,brazil,tac_i
Salomao1995-pg,Salomao,Salomao1995,"Salomao, S. R. & Ventura, D. F. (1995). Large sample population age norms for visual acuities obtained with Vistech-Teller Acuity Cards. Investigative Ophthalmology & Visual Science, 36(3), 657–670.",NA,NA,,table_02,NA,NA,,14,monoc,NA,34,55,1.3,10.35,4.82,3.2,NA,NA,NA,brazil,tac_i
Salomao1995-pg,Salomao,Salomao1995,"Salomao, S. R. & Ventura, D. F. (1995). Large sample population age norms for visual acuities obtained with Vistech-Teller Acuity Cards. Investigative Ophthalmology & Visual Science, 36(3), 657–670.",NA,NA,,table_02,NA,NA,,16,monoc,NA,41,55,1.3,10.07,4.7,3.2,NA,NA,NA,brazil,tac_i
Salomao1995-pg,Salomao,Salomao1995,"Salomao, S. R. & Ventura, D. F. (1995). Large sample population age norms for visual acuities obtained with Vistech-Teller Acuity Cards. Investigative Ophthalmology & Visual Science, 36(3), 657–670.",NA,NA,,table_02,NA,NA,,18,monoc,NA,35,55,1.3,9.95,5.21,4.7,NA,NA,NA,brazil,tac_i
Salomao1995-pg,Salomao,Salomao1995,"Salomao, S. R. & Ventura, D. F. (1995). Large sample population age norms for visual acuities obtained with Vistech-Teller Acuity Cards. Investigative Ophthalmology & Visual Science, 36(3), 657–670.",NA,NA,,table_02,NA,NA,,20,monoc,NA,37,55,2.4,11.12,3.91,3.2,NA,NA,NA,brazil,tac_i
Salomao1995-pg,Salomao,Salomao1995,"Salomao, S. R. & Ventura, D. F. (1995). Large sample population age norms for visual acuities obtained with Vistech-Teller Acuity Cards. Investigative Ophthalmology & Visual Science, 36(3), 657–670.",NA,NA,,table_02,NA,NA,,22,monoc,NA,35,55,2.4,12.09,4.3,4.7,NA,NA,NA,brazil,tac_i
Salomao1995-pg,Salomao,Salomao1995,"Salomao, S. R. & Ventura, D. F. (1995). Large sample population age norms for visual acuities obtained with Vistech-Teller Acuity Cards. Investigative Ophthalmology & Visual Science, 36(3), 657–670.",NA,NA,,table_02,NA,NA,,24,monoc,NA,43,55,2.4,12.31,4.03,3.2,NA,NA,NA,brazil,tac_i
Salomao1995-pg,Salomao,Salomao1995,"Salomao, S. R. & Ventura, D. F. (1995). Large sample population age norms for visual acuities obtained with Vistech-Teller Acuity Cards. Investigative Ophthalmology & Visual Science, 36(3), 657–670.",NA,NA,,table_02,NA,NA,,26,monoc,NA,37,55,2.4,13,6.62,4.7,NA,NA,NA,brazil,tac_i
Salomao1995-pg,Salomao,Salomao1995,"Salomao, S. R. & Ventura, D. F. (1995). Large sample population age norms for visual acuities obtained with Vistech-Teller Acuity Cards. Investigative Ophthalmology & Visual Science, 36(3), 657–670.",NA,NA,,table_02,NA,NA,,28,monoc,NA,42,55,2.4,12.79,5.61,4.7,NA,NA,NA,brazil,tac_i
Salomao1995-pg,Salomao,Salomao1995,"Salomao, S. R. & Ventura, D. F. (1995). Large sample population age norms for visual acuities obtained with Vistech-Teller Acuity Cards. Investigative Ophthalmology & Visual Science, 36(3), 657–670.",NA,NA,,table_02,NA,NA,,30,monoc,NA,34,55,2.4,14.12,7.09,4.7,NA,NA,NA,brazil,tac_i
Salomao1995-pg,Salomao,Salomao1995,"Salomao, S. R. & Ventura, D. F. (1995). Large sample population age norms for visual acuities obtained with Vistech-Teller Acuity Cards. Investigative Ophthalmology & Visual Science, 36(3), 657–670.",NA,NA,,table_02,NA,NA,,32,monoc,NA,24,55,2.4,15.22,7.99,6.4,NA,NA,NA,brazil,tac_i
Salomao1995-pg,Salomao,Salomao1995,"Salomao, S. R. & Ventura, D. F. (1995). Large sample population age norms for visual acuities obtained with Vistech-Teller Acuity Cards. Investigative Ophthalmology & Visual Science, 36(3), 657–670.",NA,NA,,table_02,NA,NA,,34,monoc,NA,37,55,2.4,14.97,7.46,6.4,NA,NA,NA,brazil,tac_i
Salomao1995-pg,Salomao,Salomao1995,"Salomao, S. R. & Ventura, D. F. (1995). Large sample population age norms for visual acuities obtained with Vistech-Teller Acuity Cards. Investigative Ophthalmology & Visual Science, 36(3), 657–670.",NA,NA,,table_02,NA,NA,,36,monoc,NA,32,55,2.4,14.98,5.86,6.4,NA,NA,NA,brazil,tac_i
Xiang2021-ry,Xiang,Xiang2021,"Xiang, Y., Long, E., Liu, Z., Li, X., Lin, Z., Zhu, Y., Chen, C. & Lin, H. (2021). Study to establish visual acuity norms with Teller Acuity Cards II for infants from southern China. Eye , 35(10), 2787–2792. https://doi.org/10.1038/s41433-020-01314-y",NA,NA,,table_01,NA,NA,,2.5,binoc,NA,8,38,NA,1.18,0.41,NA,3.42,NA,NA,china,tac_ii
Xiang2021-ry,Xiang,Xiang2021,"Xiang, Y., Long, E., Liu, Z., Li, X., Lin, Z., Zhu, Y., Chen, C. & Lin, H. (2021). Study to establish visual acuity norms with Teller Acuity Cards II for infants from southern China. Eye , 35(10), 2787–2792. https://doi.org/10.1038/s41433-020-01314-y",NA,NA,,table_01,NA,NA,,5,binoc,NA,14,38,NA,2.32,0.86,NA,6.26,NA,NA,china,tac_ii
Xiang2021-ry,Xiang,Xiang2021,"Xiang, Y., Long, E., Liu, Z., Li, X., Lin, Z., Zhu, Y., Chen, C. & Lin, H. (2021). Study to establish visual acuity norms with Teller Acuity Cards II for infants from southern China. Eye , 35(10), 2787–2792. https://doi.org/10.1038/s41433-020-01314-y",NA,NA,,table_01,NA,NA,,8,binoc,NA,25,55,NA,4.37,2.18,NA,8.74,NA,NA,china,tac_ii
Xiang2021-ry,Xiang,Xiang2021,"Xiang, Y., Long, E., Liu, Z., Li, X., Lin, Z., Zhu, Y., Chen, C. & Lin, H. (2021). Study to establish visual acuity norms with Teller Acuity Cards II for infants from southern China. Eye , 35(10), 2787–2792. https://doi.org/10.1038/s41433-020-01314-y",NA,NA,,table_01,NA,NA,,11,binoc,NA,19,55,NA,3.73,1.44,NA,9.66,NA,NA,china,tac_ii
Xiang2021-ry,Xiang,Xiang2021,"Xiang, Y., Long, E., Liu, Z., Li, X., Lin, Z., Zhu, Y., Chen, C. & Lin, H. (2021). Study to establish visual acuity norms with Teller Acuity Cards II for infants from southern China. Eye , 35(10), 2787–2792. https://doi.org/10.1038/s41433-020-01314-y",NA,NA,,table_01,NA,NA,,14,binoc,NA,19,55,NA,4.62,1.67,NA,12.78,NA,NA,china,tac_ii
Xiang2021-ry,Xiang,Xiang2021,"Xiang, Y., Long, E., Liu, Z., Li, X., Lin, Z., Zhu, Y., Chen, C. & Lin, H. (2021). Study to establish visual acuity norms with Teller Acuity Cards II for infants from southern China. Eye , 35(10), 2787–2792. https://doi.org/10.1038/s41433-020-01314-y",NA,NA,,table_01,NA,NA,,17,binoc,NA,15,55,NA,4.37,1.28,NA,14.92,NA,NA,china,tac_ii
Xiang2021-ry,Xiang,Xiang2021,"Xiang, Y., Long, E., Liu, Z., Li, X., Lin, Z., Zhu, Y., Chen, C. & Lin, H. (2021). Study to establish visual acuity norms with Teller Acuity Cards II for infants from southern China. Eye , 35(10), 2787–2792. https://doi.org/10.1038/s41433-020-01314-y",NA,NA,,table_01,NA,NA,,20,binoc,NA,13,55,NA,5.82,1.34,NA,25.18,NA,NA,china,tac_ii
Xiang2021-ry,Xiang,Xiang2021,"Xiang, Y., Long, E., Liu, Z., Li, X., Lin, Z., Zhu, Y., Chen, C. & Lin, H. (2021). Study to establish visual acuity norms with Teller Acuity Cards II for infants from southern China. Eye , 35(10), 2787–2792. https://doi.org/10.1038/s41433-020-01314-y",NA,NA,,table_01,NA,NA,,23,binoc,NA,12,55,NA,7.35,1.58,NA,34.22,NA,NA,china,tac_ii
Xiang2021-ry,Xiang,Xiang2021,"Xiang, Y., Long, E., Liu, Z., Li, X., Lin, Z., Zhu, Y., Chen, C. & Lin, H. (2021). Study to establish visual acuity norms with Teller Acuity Cards II for infants from southern China. Eye , 35(10), 2787–2792. https://doi.org/10.1038/s41433-020-01314-y",NA,NA,,table_01,NA,NA,,26,binoc,NA,19,55,NA,6.93,3.21,NA,20.8,NA,NA,china,tac_ii
Xiang2021-ry,Xiang,Xiang2021,"Xiang, Y., Long, E., Liu, Z., Li, X., Lin, Z., Zhu, Y., Chen, C. & Lin, H. (2021). Study to establish visual acuity norms with Teller Acuity Cards II for infants from southern China. Eye , 35(10), 2787–2792. https://doi.org/10.1038/s41433-020-01314-y",NA,NA,,table_01,NA,NA,,29,binoc,NA,12,55,NA,10.68,3.64,NA,31.37,NA,NA,china,tac_ii
Xiang2021-ry,Xiang,Xiang2021,"Xiang, Y., Long, E., Liu, Z., Li, X., Lin, Z., Zhu, Y., Chen, C. & Lin, H. (2021). Study to establish visual acuity norms with Teller Acuity Cards II for infants from southern China. Eye , 35(10), 2787–2792. https://doi.org/10.1038/s41433-020-01314-y",NA,NA,,table_01,NA,NA,,32,binoc,NA,24,55,NA,10.02,2.65,NA,37.88,NA,NA,china,tac_ii
Xiang2021-ry,Xiang,Xiang2021,"Xiang, Y., Long, E., Liu, Z., Li, X., Lin, Z., Zhu, Y., Chen, C. & Lin, H. (2021). Study to establish visual acuity norms with Teller Acuity Cards II for infants from southern China. Eye , 35(10), 2787–2792. https://doi.org/10.1038/s41433-020-01314-y",NA,NA,,table_01,NA,NA,,35,binoc,NA,35,55,NA,12.01,3.1,NA,46.5,NA,NA,china,tac_ii
Xiang2021-ry,Xiang,Xiang2021,"Xiang, Y., Long, E., Liu, Z., Li, X., Lin, Z., Zhu, Y., Chen, C. & Lin, H. (2021). Study to establish visual acuity norms with Teller Acuity Cards II for infants from southern China. Eye , 35(10), 2787–2792. https://doi.org/10.1038/s41433-020-01314-y",NA,NA,,table_01,NA,NA,,4,monoc,NA,12,38,NA,1.97,0.55,NA,7.06,NA,NA,china,tac_ii
Xiang2021-ry,Xiang,Xiang2021,"Xiang, Y., Long, E., Liu, Z., Li, X., Lin, Z., Zhu, Y., Chen, C. & Lin, H. (2021). Study to establish visual acuity norms with Teller Acuity Cards II for infants from southern China. Eye , 35(10), 2787–2792. https://doi.org/10.1038/s41433-020-01314-y",NA,NA,,table_01,NA,NA,,8.5,monoc,NA,11,55,NA,2.88,0.91,NA,9.17,NA,NA,china,tac_ii
Xiang2021-ry,Xiang,Xiang2021,"Xiang, Y., Long, E., Liu, Z., Li, X., Lin, Z., Zhu, Y., Chen, C. & Lin, H. (2021). Study to establish visual acuity norms with Teller Acuity Cards II for infants from southern China. Eye , 35(10), 2787–2792. https://doi.org/10.1038/s41433-020-01314-y",NA,NA,,table_01,NA,NA,,15.5,monoc,NA,13,55,NA,4.04,1.72,NA,9.5,NA,NA,china,tac_ii
Xiang2021-ry,Xiang,Xiang2021,"Xiang, Y., Long, E., Liu, Z., Li, X., Lin, Z., Zhu, Y., Chen, C. & Lin, H. (2021). Study to establish visual acuity norms with Teller Acuity Cards II for infants from southern China. Eye , 35(10), 2787–2792. https://doi.org/10.1038/s41433-020-01314-y",NA,NA,,table_01,NA,NA,,20,monoc,NA,10,55,NA,4.39,1.15,NA,16.78,NA,NA,china,tac_ii
Xiang2021-ry,Xiang,Xiang2021,"Xiang, Y., Long, E., Liu, Z., Li, X., Lin, Z., Zhu, Y., Chen, C. & Lin, H. (2021). Study to establish visual acuity norms with Teller Acuity Cards II for infants from southern China. Eye , 35(10), 2787–2792. https://doi.org/10.1038/s41433-020-01314-y",NA,NA,,table_01,NA,NA,,23,monoc,NA,14,55,NA,6.91,2.08,NA,22.91,NA,NA,china,tac_ii
Xiang2021-ry,Xiang,Xiang2021,"Xiang, Y., Long, E., Liu, Z., Li, X., Lin, Z., Zhu, Y., Chen, C. & Lin, H. (2021). Study to establish visual acuity norms with Teller Acuity Cards II for infants from southern China. Eye , 35(10), 2787–2792. https://doi.org/10.1038/s41433-020-01314-y",NA,NA,,table_01,NA,NA,,26,monoc,NA,29,55,NA,5.91,2.13,NA,16.41,NA,NA,china,tac_ii
Xiang2021-ry,Xiang,Xiang2021,"Xiang, Y., Long, E., Liu, Z., Li, X., Lin, Z., Zhu, Y., Chen, C. & Lin, H. (2021). Study to establish visual acuity norms with Teller Acuity Cards II for infants from southern China. Eye , 35(10), 2787–2792. https://doi.org/10.1038/s41433-020-01314-y",NA,NA,,table_01,NA,NA,,29,monoc,NA,19,55,NA,7.95,3.11,NA,20.31,NA,NA,china,tac_ii
Xiang2021-ry,Xiang,Xiang2021,"Xiang, Y., Long, E., Liu, Z., Li, X., Lin, Z., Zhu, Y., Chen, C. & Lin, H. (2021). Study to establish visual acuity norms with Teller Acuity Cards II for infants from southern China. Eye , 35(10), 2787–2792. https://doi.org/10.1038/s41433-020-01314-y",NA,NA,,table_01,NA,NA,,32,monoc,NA,41,55,NA,8.77,2.01,NA,38.19,NA,NA,china,tac_ii
Xiang2021-ry,Xiang,Xiang2021,"Xiang, Y., Long, E., Liu, Z., Li, X., Lin, Z., Zhu, Y., Chen, C. & Lin, H. (2021). Study to establish visual acuity norms with Teller Acuity Cards II for infants from southern China. Eye , 35(10), 2787–2792. https://doi.org/10.1038/s41433-020-01314-y",NA,NA,,table_01,NA,NA,,35,monoc,NA,59,55,NA,10.75,4.75,NA,24.34,NA,NA,china,tac_ii
Mayer1995-hi,Mayer,Mayer1995,"Mayer, D. L., Beiser, A. S., Warner, A. F., Pratt, E. M., Raye, K. N. & Lang, J. M. (1995). Monocular acuity norms for the Teller Acuity Cards between ages one month and four years. Investigative Ophthalmology & Visual Science, 36(3), 671–685. http://europepmc.org/abstract/med/7890497",NA,NA,,table_02,NA,NA,,1,monoc,NA,32,38,0.22,0.94,NA,NA,NA,0.44,octave,us,tac_i
Mayer1995-hi,Mayer,Mayer1995,"Mayer, D. L., Beiser, A. S., Warner, A. F., Pratt, E. M., Raye, K. N. & Lang, J. M. (1995). Monocular acuity norms for the Teller Acuity Cards between ages one month and four years. Investigative Ophthalmology & Visual Science, 36(3), 671–685. http://europepmc.org/abstract/med/7890497",NA,NA,,table_02,NA,NA,,1.5,monoc,NA,40,38,0.22,1.11,NA,NA,NA,0.42,octave,us,tac_i
Mayer1995-hi,Mayer,Mayer1995,"Mayer, D. L., Beiser, A. S., Warner, A. F., Pratt, E. M., Raye, K. N. & Lang, J. M. (1995). Monocular acuity norms for the Teller Acuity Cards between ages one month and four years. Investigative Ophthalmology & Visual Science, 36(3), 671–685. http://europepmc.org/abstract/med/7890497",NA,NA,,table_02,NA,NA,,2.5,monoc,NA,38,38,0.44,2.16,NA,NA,NA,0.43,octave,us,tac_i
Mayer1995-hi,Mayer,Mayer1995,"Mayer, D. L., Beiser, A. S., Warner, A. F., Pratt, E. M., Raye, K. N. & Lang, J. M. (1995). Monocular acuity norms for the Teller Acuity Cards between ages one month and four years. Investigative Ophthalmology & Visual Science, 36(3), 671–685. http://europepmc.org/abstract/med/7890497",NA,NA,,table_02,NA,NA,,4,monoc,NA,40,38,0.44,2.68,NA,NA,NA,0.47,octave,us,tac_i
Mayer1995-hi,Mayer,Mayer1995,"Mayer, D. L., Beiser, A. S., Warner, A. F., Pratt, E. M., Raye, K. N. & Lang, J. M. (1995). Monocular acuity norms for the Teller Acuity Cards between ages one month and four years. Investigative Ophthalmology & Visual Science, 36(3), 671–685. http://europepmc.org/abstract/med/7890497",NA,NA,,table_02,NA,NA,,6,monoc,NA,40,55,0.86,5.65,NA,NA,NA,0.47,octave,us,tac_i
Mayer1995-hi,Mayer,Mayer1995,"Mayer, D. L., Beiser, A. S., Warner, A. F., Pratt, E. M., Raye, K. N. & Lang, J. M. (1995). Monocular acuity norms for the Teller Acuity Cards between ages one month and four years. Investigative Ophthalmology & Visual Science, 36(3), 671–685. http://europepmc.org/abstract/med/7890497",NA,NA,,table_02,NA,NA,,9,monoc,NA,30,55,0.86,6.79,NA,NA,NA,0.43,octave,us,tac_i
Mayer1995-hi,Mayer,Mayer1995,"Mayer, D. L., Beiser, A. S., Warner, A. F., Pratt, E. M., Raye, K. N. & Lang, J. M. (1995). Monocular acuity norms for the Teller Acuity Cards between ages one month and four years. Investigative Ophthalmology & Visual Science, 36(3), 671–685. http://europepmc.org/abstract/med/7890497",NA,NA,,table_02,NA,NA,,12,monoc,NA,40,55,0.86,6.42,NA,NA,NA,0.29,octave,us,tac_i
Mayer1995-hi,Mayer,Mayer1995,"Mayer, D. L., Beiser, A. S., Warner, A. F., Pratt, E. M., Raye, K. N. & Lang, J. M. (1995). Monocular acuity norms for the Teller Acuity Cards between ages one month and four years. Investigative Ophthalmology & Visual Science, 36(3), 671–685. http://europepmc.org/abstract/med/7890497",NA,NA,,table_02,NA,NA,,18,monoc,NA,40,55,1.57,8.59,NA,NA,NA,0.37,octave,us,tac_i
Mayer1995-hi,Mayer,Mayer1995,"Mayer, D. L., Beiser, A. S., Warner, A. F., Pratt, E. M., Raye, K. N. & Lang, J. M. (1995). Monocular acuity norms for the Teller Acuity Cards between ages one month and four years. Investigative Ophthalmology & Visual Science, 36(3), 671–685. http://europepmc.org/abstract/med/7890497",NA,NA,,table_02,NA,NA,,24,monoc,NA,40,55,1.57,9.57,NA,NA,NA,0.27,octave,us,tac_i
Mayer1995-hi,Mayer,Mayer1995,"Mayer, D. L., Beiser, A. S., Warner, A. F., Pratt, E. M., Raye, K. N. & Lang, J. M. (1995). Monocular acuity norms for the Teller Acuity Cards between ages one month and four years. Investigative Ophthalmology & Visual Science, 36(3), 671–685. http://europepmc.org/abstract/med/7890497",NA,NA,,table_02,NA,NA,,30,monoc,NA,40,84,1.57,11.52,NA,NA,NA,0.48,octave,us,tac_i
Mayer1995-hi,Mayer,Mayer1995,"Mayer, D. L., Beiser, A. S., Warner, A. F., Pratt, E. M., Raye, K. N. & Lang, J. M. (1995). Monocular acuity norms for the Teller Acuity Cards between ages one month and four years. Investigative Ophthalmology & Visual Science, 36(3), 671–685. http://europepmc.org/abstract/med/7890497",NA,NA,,table_02,NA,NA,,36,monoc,NA,39,84,3.55,21.81,NA,NA,NA,0.36,octave,us,tac_i
Mayer1995-hi,Mayer,Mayer1995,"Mayer, D. L., Beiser, A. S., Warner, A. F., Pratt, E. M., Raye, K. N. & Lang, J. M. (1995). Monocular acuity norms for the Teller Acuity Cards between ages one month and four years. Investigative Ophthalmology & Visual Science, 36(3), 671–685. http://europepmc.org/abstract/med/7890497",NA,NA,,table_02,NA,NA,,48,monoc,NA,32,84,3.55,24.81,NA,NA,NA,0.31,octave,us,tac_i
Cavallini2002-hl,Cavallini,Cavallini2002,"Cavallini, A., Fazzi, E., Viviani, V., Astori, M. G., Zaverio, S., Bianchi, P. E. & Lanzi, G. (2002). Visual acuity in the first two years of life in healthy term newborns: an experience with the teller acuity cards. Functional Neurology, 17(2), 87–92. https://www.ncbi.nlm.nih.gov/pubmed/12224796",NA,NA,,table_01,NA,NA,,0,binoc,NA,60,NA,NA,1.39,NA,NA,NA,0.57,octave,italy,tac_i
Cavallini2002-hl,Cavallini,Cavallini2002,"Cavallini, A., Fazzi, E., Viviani, V., Astori, M. G., Zaverio, S., Bianchi, P. E. & Lanzi, G. (2002). Visual acuity in the first two years of life in healthy term newborns: an experience with the teller acuity cards. Functional Neurology, 17(2), 87–92. https://www.ncbi.nlm.nih.gov/pubmed/12224796",NA,NA,,table_01,NA,NA,,3,binoc,NA,60,NA,NA,3.24,NA,NA,NA,0.62,octave,italy,tac_i
Cavallini2002-hl,Cavallini,Cavallini2002,"Cavallini, A., Fazzi, E., Viviani, V., Astori, M. G., Zaverio, S., Bianchi, P. E. & Lanzi, G. (2002). Visual acuity in the first two years of life in healthy term newborns: an experience with the teller acuity cards. Functional Neurology, 17(2), 87–92. https://www.ncbi.nlm.nih.gov/pubmed/12224796",NA,NA,,table_01,NA,NA,,6,binoc,NA,60,NA,NA,5.43,NA,NA,NA,0.43,octave,italy,tac_i
Cavallini2002-hl,Cavallini,Cavallini2002,"Cavallini, A., Fazzi, E., Viviani, V., Astori, M. G., Zaverio, S., Bianchi, P. E. & Lanzi, G. (2002). Visual acuity in the first two years of life in healthy term newborns: an experience with the teller acuity cards. Functional Neurology, 17(2), 87–92. https://www.ncbi.nlm.nih.gov/pubmed/12224796",NA,NA,,table_01,NA,NA,,9,binoc,NA,60,NA,NA,9.38,NA,NA,NA,0.29,octave,italy,tac_i
Cavallini2002-hl,Cavallini,Cavallini2002,"Cavallini, A., Fazzi, E., Viviani, V., Astori, M. G., Zaverio, S., Bianchi, P. E. & Lanzi, G. (2002). Visual acuity in the first two years of life in healthy term newborns: an experience with the teller acuity cards. Functional Neurology, 17(2), 87–92. https://www.ncbi.nlm.nih.gov/pubmed/12224796",NA,NA,,table_01,NA,NA,,12,binoc,NA,60,NA,NA,11.05,NA,NA,NA,0.35,octave,italy,tac_i
Cavallini2002-hl,Cavallini,Cavallini2002,"Cavallini, A., Fazzi, E., Viviani, V., Astori, M. G., Zaverio, S., Bianchi, P. E. & Lanzi, G. (2002). Visual acuity in the first two years of life in healthy term newborns: an experience with the teller acuity cards. Functional Neurology, 17(2), 87–92. https://www.ncbi.nlm.nih.gov/pubmed/12224796",NA,NA,,table_01,NA,NA,,18,binoc,NA,54,NA,NA,11.78,NA,NA,NA,0.29,octave,italy,tac_i
Cavallini2002-hl,Cavallini,Cavallini2002,"Cavallini, A., Fazzi, E., Viviani, V., Astori, M. G., Zaverio, S., Bianchi, P. E. & Lanzi, G. (2002). Visual acuity in the first two years of life in healthy term newborns: an experience with the teller acuity cards. Functional Neurology, 17(2), 87–92. https://www.ncbi.nlm.nih.gov/pubmed/12224796",NA,NA,,table_01,NA,NA,,24,binoc,NA,60,NA,NA,21.08,NA,NA,NA,0.61,octave,italy,tac_i
Teller1986-oc,Teller,Teller1986,"Teller, D. Y., McDonald, M. A., Preston, K., Sebris, S. L. & Dobson, V. (1986). Assessment of visual acuity in infants and children: the acuity card procedure. Developmental Medicine and Child Neurology, 28(6), 779–789. https://doi.org/10.1111/j.1469-8749.1986.tb03932.x",NA,NA,,table_01,1,weeks,,0,binoc,NA,51,NA,NA,1,NA,NA,NA,0.6,octave,us,tac_i
Teller1986-oc,Teller,Teller1986,"Teller, D. Y., McDonald, M. A., Preston, K., Sebris, S. L. & Dobson, V. (1986). Assessment of visual acuity in infants and children: the acuity card procedure. Developmental Medicine and Child Neurology, 28(6), 779–789. https://doi.org/10.1111/j.1469-8749.1986.tb03932.x",NA,NA,,table_01,1,weeks,,0,binoc,NA,24,NA,NA,0.7,NA,NA,NA,0.5,octave,us,tac_i
Teller1986-oc,Teller,Teller1986,"Teller, D. Y., McDonald, M. A., Preston, K., Sebris, S. L. & Dobson, V. (1986). Assessment of visual acuity in infants and children: the acuity card procedure. Developmental Medicine and Child Neurology, 28(6), 779–789. https://doi.org/10.1111/j.1469-8749.1986.tb03932.x",NA,NA,,table_01,4,weeks,,1,binoc,NA,8,NA,NA,1.1,NA,NA,NA,1.1,octave,us,tac_i
Teller1986-oc,Teller,Teller1986,"Teller, D. Y., McDonald, M. A., Preston, K., Sebris, S. L. & Dobson, V. (1986). Assessment of visual acuity in infants and children: the acuity card procedure. Developmental Medicine and Child Neurology, 28(6), 779–789. https://doi.org/10.1111/j.1469-8749.1986.tb03932.x",NA,NA,,table_01,4,weeks,,1,binoc,NA,6,NA,NA,0.8,NA,NA,NA,0.7,octave,us,tac_i
Teller1986-oc,Teller,Teller1986,"Teller, D. Y., McDonald, M. A., Preston, K., Sebris, S. L. & Dobson, V. (1986). Assessment of visual acuity in infants and children: the acuity card procedure. Developmental Medicine and Child Neurology, 28(6), 779–789. https://doi.org/10.1111/j.1469-8749.1986.tb03932.x",NA,NA,,table_01,4,weeks,,1,monoc,NA,5,NA,NA,0.6,NA,NA,NA,0.7,octave,us,tac_i
Teller1986-oc,Teller,Teller1986,"Teller, D. Y., McDonald, M. A., Preston, K., Sebris, S. L. & Dobson, V. (1986). Assessment of visual acuity in infants and children: the acuity card procedure. Developmental Medicine and Child Neurology, 28(6), 779–789. https://doi.org/10.1111/j.1469-8749.1986.tb03932.x",NA,NA,,table_01,4,weeks,,1,binoc,NA,7,NA,NA,1.3,NA,NA,NA,1,octave,us,tac_i
Teller1986-oc,Teller,Teller1986,"Teller, D. Y., McDonald, M. A., Preston, K., Sebris, S. L. & Dobson, V. (1986). Assessment of visual acuity in infants and children: the acuity card procedure. Developmental Medicine and Child Neurology, 28(6), 779–789. https://doi.org/10.1111/j.1469-8749.1986.tb03932.x",NA,NA,,table_01,8,weeks,,2,binoc,NA,8,NA,NA,2.1,NA,NA,NA,0.9,octave,us,tac_i
Teller1986-oc,Teller,Teller1986,"Teller, D. Y., McDonald, M. A., Preston, K., Sebris, S. L. & Dobson, V. (1986). Assessment of visual acuity in infants and children: the acuity card procedure. Developmental Medicine and Child Neurology, 28(6), 779–789. https://doi.org/10.1111/j.1469-8749.1986.tb03932.x",NA,NA,,table_01,8,weeks,,2,binoc,NA,6,NA,NA,2,NA,NA,NA,0.7,octave,us,tac_i
Teller1986-oc,Teller,Teller1986,"Teller, D. Y., McDonald, M. A., Preston, K., Sebris, S. L. & Dobson, V. (1986). Assessment of visual acuity in infants and children: the acuity card procedure. Developmental Medicine and Child Neurology, 28(6), 779–789. https://doi.org/10.1111/j.1469-8749.1986.tb03932.x",NA,NA,,table_01,8,weeks,,2,monoc,NA,6,NA,NA,1.4,NA,NA,NA,1.4,octave,us,tac_i
Teller1986-oc,Teller,Teller1986,"Teller, D. Y., McDonald, M. A., Preston, K., Sebris, S. L. & Dobson, V. (1986). Assessment of visual acuity in infants and children: the acuity card procedure. Developmental Medicine and Child Neurology, 28(6), 779–789. https://doi.org/10.1111/j.1469-8749.1986.tb03932.x",NA,NA,,table_01,8,weeks,,2,binoc,NA,15,NA,NA,1.4,NA,NA,NA,0.7,octave,us,tac_i
Teller1986-oc,Teller,Teller1986,"Teller, D. Y., McDonald, M. A., Preston, K., Sebris, S. L. & Dobson, V. (1986). Assessment of visual acuity in infants and children: the acuity card procedure. Developmental Medicine and Child Neurology, 28(6), 779–789. https://doi.org/10.1111/j.1469-8749.1986.tb03932.x",NA,NA,,table_01,12,weeks,,3,binoc,NA,10,NA,NA,4.1,NA,NA,NA,0.6,octave,us,tac_i
Teller1986-oc,Teller,Teller1986,"Teller, D. Y., McDonald, M. A., Preston, K., Sebris, S. L. & Dobson, V. (1986). Assessment of visual acuity in infants and children: the acuity card procedure. Developmental Medicine and Child Neurology, 28(6), 779–789. https://doi.org/10.1111/j.1469-8749.1986.tb03932.x",NA,NA,,table_01,16,weeks,,4,binoc,NA,8,NA,NA,3.7,NA,NA,NA,0.7,octave,us,tac_i
Teller1986-oc,Teller,Teller1986,"Teller, D. Y., McDonald, M. A., Preston, K., Sebris, S. L. & Dobson, V. (1986). Assessment of visual acuity in infants and children: the acuity card procedure. Developmental Medicine and Child Neurology, 28(6), 779–789. https://doi.org/10.1111/j.1469-8749.1986.tb03932.x",NA,NA,,table_01,16,weeks,,4,binoc,NA,6,NA,NA,4.5,NA,NA,NA,0.5,octave,us,tac_i
Teller1986-oc,Teller,Teller1986,"Teller, D. Y., McDonald, M. A., Preston, K., Sebris, S. L. & Dobson, V. (1986). Assessment of visual acuity in infants and children: the acuity card procedure. Developmental Medicine and Child Neurology, 28(6), 779–789. https://doi.org/10.1111/j.1469-8749.1986.tb03932.x",NA,NA,,table_01,16,weeks,,4,monoc,NA,6,NA,NA,2.3,NA,NA,NA,0.7,octave,us,tac_i
Teller1986-oc,Teller,Teller1986,"Teller, D. Y., McDonald, M. A., Preston, K., Sebris, S. L. & Dobson, V. (1986). Assessment of visual acuity in infants and children: the acuity card procedure. Developmental Medicine and Child Neurology, 28(6), 779–789. https://doi.org/10.1111/j.1469-8749.1986.tb03932.x",NA,NA,,table_01,16,weeks,,4,binoc,NA,5,NA,NA,4.9,NA,NA,NA,0.6,octave,us,tac_i
Teller1986-oc,Teller,Teller1986,"Teller, D. Y., McDonald, M. A., Preston, K., Sebris, S. L. & Dobson, V. (1986). Assessment of visual acuity in infants and children: the acuity card procedure. Developmental Medicine and Child Neurology, 28(6), 779–789. https://doi.org/10.1111/j.1469-8749.1986.tb03932.x",NA,NA,,table_01,20,weeks,,5,binoc,NA,9,NA,NA,4.3,NA,NA,NA,0.9,octave,us,tac_i
Teller1986-oc,Teller,Teller1986,"Teller, D. Y., McDonald, M. A., Preston, K., Sebris, S. L. & Dobson, V. (1986). Assessment of visual acuity in infants and children: the acuity card procedure. Developmental Medicine and Child Neurology, 28(6), 779–789. https://doi.org/10.1111/j.1469-8749.1986.tb03932.x",NA,NA,,table_01,6,mos,,6,binoc,NA,8,NA,NA,4.7,NA,NA,NA,0.8,octave,us,tac_i
Teller1986-oc,Teller,Teller1986,"Teller, D. Y., McDonald, M. A., Preston, K., Sebris, S. L. & Dobson, V. (1986). Assessment of visual acuity in infants and children: the acuity card procedure. Developmental Medicine and Child Neurology, 28(6), 779–789. https://doi.org/10.1111/j.1469-8749.1986.tb03932.x",NA,NA,,table_01,6,mos,,6,binoc,NA,6,NA,NA,5.3,NA,NA,NA,0.5,octave,us,tac_i
Teller1986-oc,Teller,Teller1986,"Teller, D. Y., McDonald, M. A., Preston, K., Sebris, S. L. & Dobson, V. (1986). Assessment of visual acuity in infants and children: the acuity card procedure. Developmental Medicine and Child Neurology, 28(6), 779–789. https://doi.org/10.1111/j.1469-8749.1986.tb03932.x",NA,NA,,table_01,6,mos,,6,monoc,NA,6,NA,NA,3.7,NA,NA,NA,0.9,octave,us,tac_i
Teller1986-oc,Teller,Teller1986,"Teller, D. Y., McDonald, M. A., Preston, K., Sebris, S. L. & Dobson, V. (1986). Assessment of visual acuity in infants and children: the acuity card procedure. Developmental Medicine and Child Neurology, 28(6), 779–789. https://doi.org/10.1111/j.1469-8749.1986.tb03932.x",NA,NA,,table_01,6,mos,,6,binoc,NA,5,NA,NA,7.8,NA,NA,NA,0.5,octave,us,tac_i
Teller1986-oc,Teller,Teller1986,"Teller, D. Y., McDonald, M. A., Preston, K., Sebris, S. L. & Dobson, V. (1986). Assessment of visual acuity in infants and children: the acuity card procedure. Developmental Medicine and Child Neurology, 28(6), 779–789. https://doi.org/10.1111/j.1469-8749.1986.tb03932.x",NA,NA,,table_01,9,mos,,9,binoc,NA,6,NA,NA,5,NA,NA,NA,1,octave,us,tac_i
Teller1986-oc,Teller,Teller1986,"Teller, D. Y., McDonald, M. A., Preston, K., Sebris, S. L. & Dobson, V. (1986). Assessment of visual acuity in infants and children: the acuity card procedure. Developmental Medicine and Child Neurology, 28(6), 779–789. https://doi.org/10.1111/j.1469-8749.1986.tb03932.x",NA,NA,,table_01,9,mos,,9,binoc,NA,5,NA,NA,9.6,NA,NA,NA,0.9,octave,us,tac_i
Teller1986-oc,Teller,Teller1986,"Teller, D. Y., McDonald, M. A., Preston, K., Sebris, S. L. & Dobson, V. (1986). Assessment of visual acuity in infants and children: the acuity card procedure. Developmental Medicine and Child Neurology, 28(6), 779–789. https://doi.org/10.1111/j.1469-8749.1986.tb03932.x",NA,NA,,table_01,9,mos,,9,monoc,NA,6,NA,NA,5,NA,NA,NA,1,octave,us,tac_i
Teller1986-oc,Teller,Teller1986,"Teller, D. Y., McDonald, M. A., Preston, K., Sebris, S. L. & Dobson, V. (1986). Assessment of visual acuity in infants and children: the acuity card procedure. Developmental Medicine and Child Neurology, 28(6), 779–789. https://doi.org/10.1111/j.1469-8749.1986.tb03932.x",NA,NA,,table_01,12,mos,,12,binoc,NA,6,NA,NA,6.3,NA,NA,NA,0.7,octave,us,tac_i
Teller1986-oc,Teller,Teller1986,"Teller, D. Y., McDonald, M. A., Preston, K., Sebris, S. L. & Dobson, V. (1986). Assessment of visual acuity in infants and children: the acuity card procedure. Developmental Medicine and Child Neurology, 28(6), 779–789. https://doi.org/10.1111/j.1469-8749.1986.tb03932.x",NA,NA,,table_01,12,mos,,12,monoc,NA,6,NA,NA,3.3,NA,NA,NA,0.9,octave,us,tac_i
Teller1986-oc,Teller,Teller1986,"Teller, D. Y., McDonald, M. A., Preston, K., Sebris, S. L. & Dobson, V. (1986). Assessment of visual acuity in infants and children: the acuity card procedure. Developmental Medicine and Child Neurology, 28(6), 779–789. https://doi.org/10.1111/j.1469-8749.1986.tb03932.x",NA,NA,,table_01,12,mos,,12,binoc,NA,5,NA,NA,10.2,NA,NA,NA,0.5,octave,us,tac_i
Teller1986-oc,Teller,Teller1986,"Teller, D. Y., McDonald, M. A., Preston, K., Sebris, S. L. & Dobson, V. (1986). Assessment of visual acuity in infants and children: the acuity card procedure. Developmental Medicine and Child Neurology, 28(6), 779–789. https://doi.org/10.1111/j.1469-8749.1986.tb03932.x",NA,NA,,table_01,18,mos,,18,binoc,NA,9,NA,NA,9.8,NA,NA,NA,0.4,octave,us,tac_i
Teller1986-oc,Teller,Teller1986,"Teller, D. Y., McDonald, M. A., Preston, K., Sebris, S. L. & Dobson, V. (1986). Assessment of visual acuity in infants and children: the acuity card procedure. Developmental Medicine and Child Neurology, 28(6), 779–789. https://doi.org/10.1111/j.1469-8749.1986.tb03932.x",NA,NA,,table_01,18,mos,,18,monoc,NA,9,NA,NA,7.3,NA,NA,NA,0.6,octave,us,tac_i
Teller1986-oc,Teller,Teller1986,"Teller, D. Y., McDonald, M. A., Preston, K., Sebris, S. L. & Dobson, V. (1986). Assessment of visual acuity in infants and children: the acuity card procedure. Developmental Medicine and Child Neurology, 28(6), 779–789. https://doi.org/10.1111/j.1469-8749.1986.tb03932.x",NA,NA,,table_01,18,mos,,18,binoc,NA,4,NA,NA,10.7,NA,NA,NA,0.5,octave,us,tac_i
Teller1986-oc,Teller,Teller1986,"Teller, D. Y., McDonald, M. A., Preston, K., Sebris, S. L. & Dobson, V. (1986). Assessment of visual acuity in infants and children: the acuity card procedure. Developmental Medicine and Child Neurology, 28(6), 779–789. https://doi.org/10.1111/j.1469-8749.1986.tb03932.x",NA,NA,,table_01,24,mos,,24,binoc,NA,12,NA,NA,14.9,NA,NA,NA,0.6,octave,us,tac_i
Teller1986-oc,Teller,Teller1986,"Teller, D. Y., McDonald, M. A., Preston, K., Sebris, S. L. & Dobson, V. (1986). Assessment of visual acuity in infants and children: the acuity card procedure. Developmental Medicine and Child Neurology, 28(6), 779–789. https://doi.org/10.1111/j.1469-8749.1986.tb03932.x",NA,NA,,table_01,24,mos,,24,monoc,NA,9,NA,NA,13.2,NA,NA,NA,0.6,octave,us,tac_i
Teller1986-oc,Teller,Teller1986,"Teller, D. Y., McDonald, M. A., Preston, K., Sebris, S. L. & Dobson, V. (1986). Assessment of visual acuity in infants and children: the acuity card procedure. Developmental Medicine and Child Neurology, 28(6), 779–789. https://doi.org/10.1111/j.1469-8749.1986.tb03932.x",NA,NA,,table_01,30,mos,,30,binoc,NA,9,NA,NA,23.4,NA,NA,NA,0.3,octave,us,tac_i
Teller1986-oc,Teller,Teller1986,"Teller, D. Y., McDonald, M. A., Preston, K., Sebris, S. L. & Dobson, V. (1986). Assessment of visual acuity in infants and children: the acuity card procedure. Developmental Medicine and Child Neurology, 28(6), 779–789. https://doi.org/10.1111/j.1469-8749.1986.tb03932.x",NA,NA,,table_01,30,mos,,30,monoc,NA,9,NA,NA,18.4,NA,NA,NA,0.5,octave,us,tac_i
Teller1986-oc,Teller,Teller1986,"Teller, D. Y., McDonald, M. A., Preston, K., Sebris, S. L. & Dobson, V. (1986). Assessment of visual acuity in infants and children: the acuity card procedure. Developmental Medicine and Child Neurology, 28(6), 779–789. https://doi.org/10.1111/j.1469-8749.1986.tb03932.x",NA,NA,,table_01,36,mos,,36,binoc,NA,9,NA,NA,27.7,NA,NA,NA,0.5,octave,us,tac_i
Teller1986-oc,Teller,Teller1986,"Teller, D. Y., McDonald, M. A., Preston, K., Sebris, S. L. & Dobson, V. (1986). Assessment of visual acuity in infants and children: the acuity card procedure. Developmental Medicine and Child Neurology, 28(6), 779–789. https://doi.org/10.1111/j.1469-8749.1986.tb03932.x",NA,NA,,table_01,36,mos,,36,monoc,NA,9,NA,NA,25.3,NA,NA,NA,0.5,octave,us,tac_i
Courage1990-xe,Courage,Courage1990,"Courage, M. L. & Adams, R. J. (1990). Visual acuity assessment from birth to three years using the acuity card procedure: cross-sectional and longitudinal samples. Optometry and Vision Science: Official Publication of the American Academy of Optometry, 67(9), 713–718. https://doi.org/10.1097/00006324-199009000-00011",1,NA,,table_01,0,mos,,0,binoc,NA,20,38,NA,0.9,NA,NA,NA,0.9,octave,canada,tac_i
Dobson1987-cs,Dobson,Dobson1987,"Dobson, V., Schwartz, T. L., Sandstrom, D. J., & Michel, L. (1987). Binocular visual acuity of neonates: the acuity card procedure. Developmental Medicine and Child Neurology, 29(2), 199–206. https://doi.org/10.1111/j.1469-8749.1987.tb02136.x",2,"Courage, M. L. & Adams, R. J. (1990). Visual acuity assessment from birth to three years using the acuity card procedure: cross-sectional and longitudinal samples. Optometry and Vision Science: Official Publication of the American Academy of Optometry, 67(9), 713–718. https://doi.org/10.1097/00006324-199009000-00011",,NA,0,mos,,0,binoc,NA,30,38,NA,0.7,NA,NA,NA,0.7,octave,us,tac_i
Brown1986-th,Brown,Brown1986,"Brown, A. M., & Yamamoto, M. (1986). Visual acuity in newborn and preterm infants measured with grating acuity cards. American Journal of Ophthalmology, 102(2), 245–253. https://doi.org/10.1016/0002-9394(86)90153-4",3,"Courage, M. L. & Adams, R. J. (1990). Visual acuity assessment from birth to three years using the acuity card procedure: cross-sectional and longitudinal samples. Optometry and Vision Science: Official Publication of the American Academy of Optometry, 67(9), 713–718. https://doi.org/10.1097/00006324-199009000-00011",,table_01,0,mos,,0,binoc,NA,40,38,NA,1,NA,NA,NA,1,octave,us,tac_i
Courage1990-xe,Courage,Courage1990,"Courage, M. L. & Adams, R. J. (1990). Visual acuity assessment from birth to three years using the acuity card procedure: cross-sectional and longitudinal samples. Optometry and Vision Science: Official Publication of the American Academy of Optometry, 67(9), 713–718. https://doi.org/10.1097/00006324-199009000-00011",1,NA,,table_01,1,mos,,1,binoc,NA,20,38,NA,1.1,NA,NA,NA,1.1,octave,canada,tac_i
McDonald1985-sp,McDonald,McDonald1985,"McDonald, M. A., Dobson, V., Sebris, S. L., Baitch, L., Varner, D., & Teller, D. Y. (1985). The acuity card procedure: a rapid test of infant acuity. Investigative Ophthalmology & Visual Science, 26(8), 1158–1162. https://iovs.arvojournals.org/article.aspx?articleid=2159823&utm_medium=email&utm_source=transaction",4,"Courage, M. L. & Adams, R. J. (1990). Visual acuity assessment from birth to three years using the acuity card procedure: cross-sectional and longitudinal samples. Optometry and Vision Science: Official Publication of the American Academy of Optometry, 67(9), 713–718. https://doi.org/10.1097/00006324-199009000-00011",,table_01,1,mos,,1,binoc,NA,8,38,NA,1.1,NA,NA,NA,1.1,octave,us,tac_i
McDonald1986-tg,McDonald,McDonald1986a,"McDonald, M., Sebris, L. S., Mohn, G., Teller, D. Y., & Dobson, V. (1986). Monocular acuity in normal infants: The acuity card procedure. Optometry and Vision Science: Official Publication of the American Academy of Optometry, 63(2), 127. https://journals.lww.com/optvissci/abstract/1986/02000/monocular_acuity_in_normal_infants__the_acuity.8.aspx",5,"Courage, M. L. & Adams, R. J. (1990). Visual acuity assessment from birth to three years using the acuity card procedure: cross-sectional and longitudinal samples. Optometry and Vision Science: Official Publication of the American Academy of Optometry, 67(9), 713–718. https://doi.org/10.1097/00006324-199009000-00011",,table_01,1,mos,,1,binoc,NA,6,38,NA,0.8,NA,NA,NA,0.7,octave,us,tac_i
van-Hof-van-Duin1986-ne,van Hof-van Duin,van Hof-van Duin1986,"van Hof-van Duin, J., & Mohn, G. (1986). The development of visual acuity in normal fullterm and preterm infants. Vision Research, 26(6), 909–916. https://doi.org/10.1016/0042-6989(86)90149-5",6,"Courage, M. L. & Adams, R. J. (1990). Visual acuity assessment from birth to three years using the acuity card procedure: cross-sectional and longitudinal samples. Optometry and Vision Science: Official Publication of the American Academy of Optometry, 67(9), 713–718. https://doi.org/10.1097/00006324-199009000-00011",,table_01,1,mos,,1,binoc,NA,NA,NA,NA,1.3,NA,NA,NA,1,octave,netherlands,tac_i
Courage1990-xe,Courage,Courage1990,"Courage, M. L. & Adams, R. J. (1990). Visual acuity assessment from birth to three years using the acuity card procedure: cross-sectional and longitudinal samples. Optometry and Vision Science: Official Publication of the American Academy of Optometry, 67(9), 713–718. https://doi.org/10.1097/00006324-199009000-00011",1,NA,,table_01,3,mos,,3,binoc,NA,20,NA,NA,2.6,NA,NA,NA,0.6,octave,canada,tac_i
van-Hof-van-Duin1986-ne,van Hof-van Duin,van Hof-van Duin1986,"van Hof-van Duin, J., & Mohn, G. (1986). The development of visual acuity in normal fullterm and preterm infants. Vision Research, 26(6), 909–916. https://doi.org/10.1016/0042-6989(86)90149-5",6,"Courage, M. L. & Adams, R. J. (1990). Visual acuity assessment from birth to three years using the acuity card procedure: cross-sectional and longitudinal samples. Optometry and Vision Science: Official Publication of the American Academy of Optometry, 67(9), 713–718. https://doi.org/10.1097/00006324-199009000-00011",,table_01,3,mos,,3,binoc,NA,NA,38,NA,4.1,NA,NA,NA,0.6,octave,netherlands,tac_i
Courage1990-xe,Courage,Courage1990,"Courage, M. L. & Adams, R. J. (1990). Visual acuity assessment from birth to three years using the acuity card procedure: cross-sectional and longitudinal samples. Optometry and Vision Science: Official Publication of the American Academy of Optometry, 67(9), 713–718. https://doi.org/10.1097/00006324-199009000-00011",1,NA,,table_01,6,mos,,6,binoc,NA,20,55,NA,5.9,NA,NA,NA,0.6,octave,canada,tac_i
McDonald1985-sp,McDonald,McDonald1985,"McDonald, M. A., Dobson, V., Sebris, S. L., Baitch, L., Varner, D., & Teller, D. Y. (1985). The acuity card procedure: a rapid test of infant acuity. Investigative Ophthalmology & Visual Science, 26(8), 1158–1162. https://iovs.arvojournals.org/article.aspx?articleid=2159823&utm_medium=email&utm_source=transaction",4,"Courage, M. L. & Adams, R. J. (1990). Visual acuity assessment from birth to three years using the acuity card procedure: cross-sectional and longitudinal samples. Optometry and Vision Science: Official Publication of the American Academy of Optometry, 67(9), 713–718. https://doi.org/10.1097/00006324-199009000-00011",,table_01,6,mos,,6,binoc,NA,8,55,NA,4.7,NA,NA,NA,0.8,octave,us,tac_i
McDonald1986-tg,McDonald,McDonald1986a,"McDonald, M., Sebris, L. S., Mohn, G., Teller, D. Y., & Dobson, V. (1986). Monocular acuity in normal infants: The acuity card procedure. Optometry and Vision Science: Official Publication of the American Academy of Optometry, 63(2), 127. https://journals.lww.com/optvissci/abstract/1986/02000/monocular_acuity_in_normal_infants__the_acuity.8.aspx",5,"Courage, M. L. & Adams, R. J. (1990). Visual acuity assessment from birth to three years using the acuity card procedure: cross-sectional and longitudinal samples. Optometry and Vision Science: Official Publication of the American Academy of Optometry, 67(9), 713–718. https://doi.org/10.1097/00006324-199009000-00011",,table_01,6,mos,,6,binoc,NA,8,55,NA,5.3,NA,NA,NA,0.5,octave,us,tac_i
van-Hof-van-Duin1986-ne,van Hof-van Duin,van Hof-van Duin1986,"van Hof-van Duin, J., & Mohn, G. (1986). The development of visual acuity in normal fullterm and preterm infants. Vision Research, 26(6), 909–916. https://doi.org/10.1016/0042-6989(86)90149-5",6,"Courage, M. L. & Adams, R. J. (1990). Visual acuity assessment from birth to three years using the acuity card procedure: cross-sectional and longitudinal samples. Optometry and Vision Science: Official Publication of the American Academy of Optometry, 67(9), 713–718. https://doi.org/10.1097/00006324-199009000-00011",,table_01,6,mos,,6,binoc,NA,NA,NA,NA,7.8,NA,NA,NA,0.5,octave,netherlands,tac_i
Courage1990-xe,Courage,Courage1990,"Courage, M. L. & Adams, R. J. (1990). Visual acuity assessment from birth to three years using the acuity card procedure: cross-sectional and longitudinal samples. Optometry and Vision Science: Official Publication of the American Academy of Optometry, 67(9), 713–718. https://doi.org/10.1097/00006324-199009000-00011",1,NA,,table_01,12,mos,,12,binoc,NA,20,55,NA,9.6,NA,NA,NA,0.3,octave,canada,tac_i
McDonald1986-tg,McDonald,McDonald1986a,"McDonald, M., Sebris, L. S., Mohn, G., Teller, D. Y., & Dobson, V. (1986). Monocular acuity in normal infants: The acuity card procedure. Optometry and Vision Science: Official Publication of the American Academy of Optometry, 63(2), 127. https://journals.lww.com/optvissci/abstract/1986/02000/monocular_acuity_in_normal_infants__the_acuity.8.aspx",5,"Courage, M. L. & Adams, R. J. (1990). Visual acuity assessment from birth to three years using the acuity card procedure: cross-sectional and longitudinal samples. Optometry and Vision Science: Official Publication of the American Academy of Optometry, 67(9), 713–718. https://doi.org/10.1097/00006324-199009000-00011",,table_01,12,mos,,12,binoc,NA,6,55,NA,6.3,NA,NA,NA,0.7,octave,us,tac_i
Kohl1988-kl,Kohl,Kohl1988,"Kohl, P., & Samek, M. (1988). Refractive error and preferential looking visual acuity in infants 12-24 months of age: year 2 of a longitudinal study. Journal of the American Optometric Association, 59(9), 686–690. https://www.ncbi.nlm.nih.gov/pubmed/3183283",7,"Courage, M. L. & Adams, R. J. (1990). Visual acuity assessment from birth to three years using the acuity card procedure: cross-sectional and longitudinal samples. Optometry and Vision Science: Official Publication of the American Academy of Optometry, 67(9), 713–718. https://doi.org/10.1097/00006324-199009000-00011",,table_01,12,mos,,12,binoc,NA,18,55,NA,6.4,NA,NA,NA,0.5,octave,NA,tac_i
Heersema1988-td,Heersema,Heersema1990,"Heersema, T., & van Hof-van Duin, J. (1988). Age norms for visual acuity at toddler age using the acuity card method in a clinical setting. Investigative Ophthalmology & Visual Science.",9,"Courage, M. L. & Adams, R. J. (1990). Visual acuity assessment from birth to three years using the acuity card procedure: cross-sectional and longitudinal samples. Optometry and Vision Science: Official Publication of the American Academy of Optometry, 67(9), 713–718. https://doi.org/10.1097/00006324-199009000-00011",,table_01,12,mos,,12,binoc,NA,20,55,NA,17.3,NA,NA,NA,0.4,octave,netherlands,tac_i
van-Hof-van-Duin1986-ne,van Hof-van Duin,van Hof-van Duin1986,"van Hof-van Duin, J., & Mohn, G. (1986). The development of visual acuity in normal fullterm and preterm infants. Vision Research, 26(6), 909–916. https://doi.org/10.1016/0042-6989(86)90149-5",6,"Courage, M. L. & Adams, R. J. (1990). Visual acuity assessment from birth to three years using the acuity card procedure: cross-sectional and longitudinal samples. Optometry and Vision Science: Official Publication of the American Academy of Optometry, 67(9), 713–718. https://doi.org/10.1097/00006324-199009000-00011",,table_01,12,mos,,12,binoc,NA,NA,NA,NA,10.2,NA,NA,NA,0.5,octave,NA,tac_i
Courage1990-xe,Courage,Courage1990,"Courage, M. L. & Adams, R. J. (1990). Visual acuity assessment from birth to three years using the acuity card procedure: cross-sectional and longitudinal samples. Optometry and Vision Science: Official Publication of the American Academy of Optometry, 67(9), 713–718. https://doi.org/10.1097/00006324-199009000-00011",1,NA,,NA,24,mos,,24,binoc,NA,20,NA,NA,13.2,NA,NA,NA,0.5,octave,NA,tac_i
Kohl1988-kl,Kohl,Kohl1988,"Kohl, P., & Samek, M. (1988). Refractive error and preferential looking visual acuity in infants 12-24 months of age: year 2 of a longitudinal study. Journal of the American Optometric Association, 59(9), 686–690. https://www.ncbi.nlm.nih.gov/pubmed/3183283",7,"Courage, M. L. & Adams, R. J. (1990). Visual acuity assessment from birth to three years using the acuity card procedure: cross-sectional and longitudinal samples. Optometry and Vision Science: Official Publication of the American Academy of Optometry, 67(9), 713–718. https://doi.org/10.1097/00006324-199009000-00011",,NA,24,mos,,24,binoc,NA,18,NA,NA,20.9,NA,NA,NA,0.4,octave,NA,tac_i
McDonald1986-dl,McDonald,McDonald1986b,"McDONALD, M., Ankrum, C., Preston, K., Sebris, L. S., & Dobson, V. (1986). Monocular and binocular acuity estimation in 18- to 36-month-Olds: Acuity card results. Optometry and Vision Science: Official Publication of the American Academy of Optometry, 63(3), 181. https://journals.lww.com/optvissci/abstract/1986/03000/monocular_and_binocular_acuity_estimation_in_18_.3.aspx?casa_token=647vBJpDpIoAAAAA:1ZnWoAk7cy0eEqwAoyo8V-i90mvy3NV424yr7ndvBVHZc2SClRvRioPieozj6acwf0Y88d3sfOSexAQ5NrKaVeE",8,"Courage, M. L. & Adams, R. J. (1990). Visual acuity assessment from birth to three years using the acuity card procedure: cross-sectional and longitudinal samples. Optometry and Vision Science: Official Publication of the American Academy of Optometry, 67(9), 713–718. https://doi.org/10.1097/00006324-199009000-00011",,NA,24,mos,,24,binoc,NA,9,NA,NA,14.9,NA,NA,NA,0.6,octave,us,tac_i
Heersema1988-td,Heersema,Heersema1988,"Heersema, T., & van Hof-van Duin, J. (1988). Age norms for visual acuity at toddler age using the acuity card method in a clinical setting. Investigative Ophthalmology & Visual Science.",9,"Courage, M. L. & Adams, R. J. (1990). Visual acuity assessment from birth to three years using the acuity card procedure: cross-sectional and longitudinal samples. Optometry and Vision Science: Official Publication of the American Academy of Optometry, 67(9), 713–718. https://doi.org/10.1097/00006324-199009000-00011",,NA,24,mos,,24,binoc,NA,20,NA,NA,18.8,NA,NA,NA,0.4,octave,netherlands,tac_i
Courage1990-xe,Courage,Courage1990,"Courage, M. L. & Adams, R. J. (1990). Visual acuity assessment from birth to three years using the acuity card procedure: cross-sectional and longitudinal samples. Optometry and Vision Science: Official Publication of the American Academy of Optometry, 67(9), 713–718. https://doi.org/10.1097/00006324-199009000-00011",1,NA,,NA,36,mos,,36,binoc,NA,20,NA,NA,18.6,NA,NA,NA,0.5,octave,canada,tac_i
McDonald1986-dl,McDonald,McDonald1986b,"McDONALD, M., Ankrum, C., Preston, K., Sebris, L. S., & Dobson, V. (1986). Monocular and binocular acuity estimation in 18- to 36-month-Olds: Acuity card results. Optometry and Vision Science: Official Publication of the American Academy of Optometry, 63(3), 181. https://journals.lww.com/optvissci/abstract/1986/03000/monocular_and_binocular_acuity_estimation_in_18_.3.aspx?casa_token=647vBJpDpIoAAAAA:1ZnWoAk7cy0eEqwAoyo8V-i90mvy3NV424yr7ndvBVHZc2SClRvRioPieozj6acwf0Y88d3sfOSexAQ5NrKaVeE",8,"Courage, M. L. & Adams, R. J. (1990). Visual acuity assessment from birth to three years using the acuity card procedure: cross-sectional and longitudinal samples. Optometry and Vision Science: Official Publication of the American Academy of Optometry, 67(9), 713–718. https://doi.org/10.1097/00006324-199009000-00011",,NA,36,mos,,36,binoc,NA,9,NA,NA,27.7,NA,NA,NA,0.5,octave,us,tac_i
Heersema1988-td,Heersema,Heersema1988,"Heersema, T., & van Hof-van Duin, J. (1988). Age norms for visual acuity at toddler age using the acuity card method in a clinical setting. Investigative Ophthalmology & Visual Science.",9,"Courage, M. L. & Adams, R. J. (1990). Visual acuity assessment from birth to three years using the acuity card procedure: cross-sectional and longitudinal samples. Optometry and Vision Science: Official Publication of the American Academy of Optometry, 67(9), 713–718. https://doi.org/10.1097/00006324-199009000-00011",,NA,36,mos,,36,binoc,NA,20,NA,NA,28.3,NA,NA,NA,0.4,octave,netherlands,tac_i
Wen2022-di,Wen,Wen2022,NA,NA,NA,,Wen2022-di_T1,NA,NA,,5.5,binoc,NA,34,NA,NA,3.25,NA,NA,NA,NA,NA,china,tac_ii
Wen2022-di,Wen,Wen2022,NA,NA,NA,,Wen2022-di_T1,NA,NA,,9,binoc,NA,10,NA,NA,4,NA,NA,NA,NA,NA,china,tac_ii
Wen2022-di,Wen,Wen2022,NA,NA,NA,,Wen2022-di_T1,NA,NA,,11,binoc,NA,14,NA,NA,4.8,NA,NA,NA,NA,NA,china,tac_ii
Wen2022-di,Wen,Wen2022,NA,NA,NA,,Wen2022-di_T1,NA,NA,,14.5,binoc,NA,9,NA,NA,9.8,NA,NA,NA,NA,NA,china,tac_ii
Wen2022-di,Wen,Wen2022,NA,NA,NA,,Wen2022-di_T1,NA,NA,,18.5,binoc,NA,14,NA,NA,9.7,NA,NA,NA,NA,NA,china,tac_ii
Wen2022-di,Wen,Wen2022,NA,NA,NA,,Wen2022-di_T2,NA,NA,,22,binoc,NA,49,NA,NA,13,NA,NA,NA,NA,NA,china,tac_ii
Wen2022-di,Wen,Wen2022,NA,NA,NA,,Wen2022-di_T3,NA,NA,,27.5,binoc,NA,19,NA,NA,13,NA,NA,NA,NA,NA,china,tac_ii
Wen2022-di,Wen,Wen2022,NA,NA,NA,,Wen2022-di_T4,NA,NA,,33.5,binoc,NA,6,NA,NA,26,NA,NA,NA,NA,NA,china,tac_ii
Wen2022-di,Rodriguez,Rodriguez1996,NA,NA,NA,,Rodriguez1996-ji_T8,NA,NA,,0.23076923076923078,binoc,NA,30,NA,NA,0.65,NA,NA,NA,NA,NA,mexico,tac_i
Wen2022-di,Rodriguez,Rodriguez1996,NA,NA,NA,,Rodriguez1996-ji_T9,NA,NA,,0.9230769230769231,binoc,NA,30,NA,NA,0.76,NA,NA,NA,NA,NA,mexico,tac_i
Wen2022-di,Rodriguez,Rodriguez1996,NA,NA,NA,,Rodriguez1996-ji_T10,NA,NA,,2.7692307692307696,binoc,NA,30,NA,NA,1.76,NA,NA,NA,NA,NA,mexico,tac_i
Wen2022-di,Rodriguez,Rodriguez1996,NA,NA,NA,,Rodriguez1996-ji_T11,NA,NA,,5.538461538461539,binoc,NA,30,NA,NA,5,NA,NA,NA,NA,NA,mexico,tac_i
Wen2022-di,Rodriguez,Rodriguez1996,NA,NA,NA,,Rodriguez1996-ji_T12,NA,NA,,11.076923076923078,binoc,NA,30,NA,NA,7.05,NA,NA,NA,NA,NA,mexico,tac_i
Leone2013-sl,Leone,Leone2014,NA,NA,NA,,Leone2014-rg,NA,NA,,7.5,monoc,NA,73,NA,NA,5.72,NA,NA,NA,0.52,octave,australia,tac_ii
Leone2013-sl,Leone,Leone2014,NA,NA,NA,,Leone2014-rg,NA,NA,,10.5,monoc,NA,76,NA,NA,5.58,NA,NA,NA,0.44,octave,australia,tac_ii
Leone2013-sl,Leone,Leone2014,NA,NA,NA,,Leone2014-rg,NA,NA,,13.5,monoc,NA,47,NA,NA,5.98,NA,NA,NA,0.52,octave,australia,tac_ii
Leone2013-sl,Leone,Leone2014,NA,NA,NA,,Leone2014-rg,NA,NA,,16.5,monoc,NA,41,NA,NA,6.56,NA,NA,NA,0.59,octave,australia,tac_ii
Leone2013-sl,Leone,Leone2014,NA,NA,NA,,Leone2014-rg,NA,NA,,19.5,monoc,NA,38,NA,NA,7.54,NA,NA,NA,0.51,octave,australia,tac_ii
Leone2013-sl,Leone,Leone2014,NA,NA,NA,,Leone2014-rg,NA,NA,,22.5,monoc,NA,40,NA,NA,7.37,NA,NA,NA,0.53,octave,australia,tac_ii
Leone2013-sl,Leone,Leone2014,NA,NA,NA,,Leone2014-rg,NA,NA,,25.5,monoc,NA,32,NA,NA,10.71,NA,NA,NA,0.64,octave,australia,tac_ii
Leone2013-sl,Leone,Leone2014,NA,NA,NA,,Leone2014-rg,NA,NA,,28.5,monoc,NA,39,NA,NA,9.71,NA,NA,NA,0.67,octave,australia,tac_ii
Leone2013-sl,Leone,Leone2014,NA,NA,NA,,Leone2014-rg,NA,NA,,31.5,monoc,NA,25,NA,NA,12.41,NA,NA,NA,0.72,octave,australia,tac_ii
Leone2013-sl,Leone,Leone2014,NA,NA,NA,,Leone2014-rg,NA,NA,,37.5,monoc,NA,31,NA,NA,11.81,NA,NA,NA,0.59,octave,australia,tac_ii
Leone2013-sl,Leone,Leone2014,NA,NA,NA,,Leone2014-rg,NA,NA,,7.5,binoc,NA,81,NA,NA,6.33,NA,NA,NA,0.41,octave,australia,tac_ii
Leone2013-sl,Leone,Leone2014,NA,NA,NA,,Leone2014-rg,NA,NA,,10.5,binoc,NA,84,NA,NA,6.43,NA,NA,NA,0.49,octave,australia,tac_ii
Leone2013-sl,Leone,Leone2014,NA,NA,NA,,Leone2014-rg,NA,NA,,13.5,binoc,NA,63,NA,NA,6.74,NA,NA,NA,0.47,octave,australia,tac_ii
Leone2013-sl,Leone,Leone2014,NA,NA,NA,,Leone2014-rg,NA,NA,,16.5,binoc,NA,61,NA,NA,7.34,NA,NA,NA,0.67,octave,australia,tac_ii
Leone2013-sl,Leone,Leone2014,NA,NA,NA,,Leone2014-rg,NA,NA,,19.5,binoc,NA,53,NA,NA,7.57,NA,NA,NA,0.6,octave,australia,tac_ii
Leone2013-sl,Leone,Leone2014,NA,NA,NA,,Leone2014-rg,NA,NA,,22.5,binoc,NA,53,NA,NA,9.02,NA,NA,NA,0.59,octave,australia,tac_ii
Leone2013-sl,Leone,Leone2014,NA,NA,NA,,Leone2014-rg,NA,NA,,25.5,binoc,NA,45,NA,NA,10.96,NA,NA,NA,0.6,octave,australia,tac_ii
Leone2013-sl,Leone,Leone2014,NA,NA,NA,,Leone2014-rg,NA,NA,,28.5,binoc,NA,43,NA,NA,12.08,NA,NA,NA,0.69,octave,australia,tac_ii
Leone2013-sl,Leone,Leone2014,NA,NA,NA,,Leone2014-rg,NA,NA,,31.5,binoc,NA,26,NA,NA,12.8,NA,NA,NA,0.71,octave,australia,tac_ii
Leone2013-sl,Leone,Leone2014,NA,NA,NA,,Leone2014-rg,NA,NA,,37.5,binoc,NA,35,NA,NA,12.6,NA,NA,NA,0.58,octave,australia,tac_ii
Mayer1995-gd,Mayer,Mayer1995,"Mayer, D., Beiser, A., Warner, A. F., Pratt, E. M., Raye, K. N., & Lang, J. M. (1995). Monocular acuity norms for the Teller Acuity Cards between ages one month and four years. Investigative Ophthalmology & Visual Science, 36(3), 671–685. https://iovs.arvojournals.org/article.aspx?articleid=2179925",NA,NA,,Mayer1995-gd,1,mos,,1,monoc,NA,32,NA,0.22,0.94,0.44,NA,NA,NA,NA,NA,tac_ii
Mayer1995-gd,Mayer,Mayer1995,"Mayer, D., Beiser, A., Warner, A. F., Pratt, E. M., Raye, K. N., & Lang, J. M. (1995). Monocular acuity norms for the Teller Acuity Cards between ages one month and four years. Investigative Ophthalmology & Visual Science, 36(3), 671–685. https://iovs.arvojournals.org/article.aspx?articleid=2179926",NA,NA,,Mayer1995-gd,1.5,mos,,1.5,monoc,NA,40,NA,0.22,1.11,0.42,NA,NA,NA,NA,NA,tac_ii
Mayer1995-gd,Mayer,Mayer1995,"Mayer, D., Beiser, A., Warner, A. F., Pratt, E. M., Raye, K. N., & Lang, J. M. (1995). Monocular acuity norms for the Teller Acuity Cards between ages one month and four years. Investigative Ophthalmology & Visual Science, 36(3), 671–685. https://iovs.arvojournals.org/article.aspx?articleid=2179927",NA,NA,,Mayer1995-gd,2.5,mos,,2.5,monoc,NA,38,NA,0.44,2.16,0.43,NA,NA,NA,NA,NA,tac_ii
Mayer1995-gd,Mayer,Mayer1995,"Mayer, D., Beiser, A., Warner, A. F., Pratt, E. M., Raye, K. N., & Lang, J. M. (1995). Monocular acuity norms for the Teller Acuity Cards between ages one month and four years. Investigative Ophthalmology & Visual Science, 36(3), 671–685. https://iovs.arvojournals.org/article.aspx?articleid=2179928",NA,NA,,Mayer1995-gd,4,mos,,4,monoc,NA,40,NA,0.44,2.68,0.47,NA,NA,NA,NA,NA,tac_ii
Mayer1995-gd,Mayer,Mayer1995,"Mayer, D., Beiser, A., Warner, A. F., Pratt, E. M., Raye, K. N., & Lang, J. M. (1995). Monocular acuity norms for the Teller Acuity Cards between ages one month and four years. Investigative Ophthalmology & Visual Science, 36(3), 671–685. https://iovs.arvojournals.org/article.aspx?articleid=2179929",NA,NA,,Mayer1995-gd,6,mos,,6,monoc,NA,40,NA,0.86,5.65,0.47,NA,NA,NA,NA,NA,tac_ii
Mayer1995-gd,Mayer,Mayer1995,"Mayer, D., Beiser, A., Warner, A. F., Pratt, E. M., Raye, K. N., & Lang, J. M. (1995). Monocular acuity norms for the Teller Acuity Cards between ages one month and four years. Investigative Ophthalmology & Visual Science, 36(3), 671–685. https://iovs.arvojournals.org/article.aspx?articleid=2179930",NA,NA,,Mayer1995-gd,9,mos,,9,monoc,NA,39,NA,0.86,6.79,0.43,NA,NA,NA,NA,NA,tac_ii
Mayer1995-gd,Mayer,Mayer1995,"Mayer, D., Beiser, A., Warner, A. F., Pratt, E. M., Raye, K. N., & Lang, J. M. (1995). Monocular acuity norms for the Teller Acuity Cards between ages one month and four years. Investigative Ophthalmology & Visual Science, 36(3), 671–685. https://iovs.arvojournals.org/article.aspx?articleid=2179931",NA,NA,,Mayer1995-gd,12,mos,,12,monoc,NA,40,NA,0.86,6.42,0.29,NA,NA,NA,NA,NA,tac_ii
Mayer1995-gd,Mayer,Mayer1995,"Mayer, D., Beiser, A., Warner, A. F., Pratt, E. M., Raye, K. N., & Lang, J. M. (1995). Monocular acuity norms for the Teller Acuity Cards between ages one month and four years. Investigative Ophthalmology & Visual Science, 36(3), 671–685. https://iovs.arvojournals.org/article.aspx?articleid=2179932",NA,NA,,Mayer1995-gd,18,mos,,18,monoc,NA,40,NA,1.57,8.59,0.37,NA,NA,NA,NA,NA,tac_ii
Mayer1995-gd,Mayer,Mayer1995,"Mayer, D., Beiser, A., Warner, A. F., Pratt, E. M., Raye, K. N., & Lang, J. M. (1995). Monocular acuity norms for the Teller Acuity Cards between ages one month and four years. Investigative Ophthalmology & Visual Science, 36(3), 671–685. https://iovs.arvojournals.org/article.aspx?articleid=2179933",NA,NA,,Mayer1995-gd,24,mos,,24,monoc,NA,40,NA,1.57,9.57,0.27,NA,NA,NA,NA,NA,tac_ii
Mayer1995-gd,Mayer,Mayer1995,"Mayer, D., Beiser, A., Warner, A. F., Pratt, E. M., Raye, K. N., & Lang, J. M. (1995). Monocular acuity norms for the Teller Acuity Cards between ages one month and four years. Investigative Ophthalmology & Visual Science, 36(3), 671–685. https://iovs.arvojournals.org/article.aspx?articleid=2179934",NA,NA,,Mayer1995-gd,30,mos,,30,monoc,NA,40,NA,1.57,11.52,0.48,NA,NA,NA,NA,NA,tac_ii
Mayer1995-gd,Mayer,Mayer1995,"Mayer, D., Beiser, A., Warner, A. F., Pratt, E. M., Raye, K. N., & Lang, J. M. (1995). Monocular acuity norms for the Teller Acuity Cards between ages one month and four years. Investigative Ophthalmology & Visual Science, 36(3), 671–685. https://iovs.arvojournals.org/article.aspx?articleid=2179935",NA,NA,,Mayer1995-gd,36,mos,,36,monoc,NA,39,NA,3.55,21.81,0.36,NA,NA,NA,NA,NA,tac_ii
Mayer1995-gd,Mayer,Mayer1995,"Mayer, D., Beiser, A., Warner, A. F., Pratt, E. M., Raye, K. N., & Lang, J. M. (1995). Monocular acuity norms for the Teller Acuity Cards between ages one month and four years. Investigative Ophthalmology & Visual Science, 36(3), 671–685. https://iovs.arvojournals.org/article.aspx?articleid=2179936",NA,NA,,Mayer1995-gd,48,mos,,48,monoc,NA,32,NA,3.55,24.81,0.31,NA,NA,NA,NA,NA,tac_ii
Sarbajna2024-yo,Sarbajna,Sarbajna2024,"Sarbajna, P., Vinekar, A., Manna, P., Berendschot, T., Webers, C. A. B., Shetty, R., & Karmakar, S. (2024). Comparison of age-appropriate visual acuity tests based on preferential looking principles in infants with retinopathy of prematurity. JOJ Ophthalmology, 10(3). https://doi.org/10.19080/jojo.2024.10.555790",NA,NA,,Sarbajna2024-yo,3,mos,,3,monoc,OD,7,NA,NA,2.45,NA,NA,NA,1.11,cyc_deg,india,tac_ii
Sarbajna2024-yo,Sarbajna,Sarbajna2024,"Sarbajna, P., Vinekar, A., Manna, P., Berendschot, T., Webers, C. A. B., Shetty, R., & Karmakar, S. (2024). Comparison of age-appropriate visual acuity tests based on preferential looking principles in infants with retinopathy of prematurity. JOJ Ophthalmology, 10(3). https://doi.org/10.19080/jojo.2024.10.555791",NA,NA,,Sarbajna2024-yo,4,mos,,4,monoc,OD,12,NA,NA,3.62,NA,NA,NA,1.09,cyc_deg,india,tac_ii
Sarbajna2024-yo,Sarbajna,Sarbajna2024,"Sarbajna, P., Vinekar, A., Manna, P., Berendschot, T., Webers, C. A. B., Shetty, R., & Karmakar, S. (2024). Comparison of age-appropriate visual acuity tests based on preferential looking principles in infants with retinopathy of prematurity. JOJ Ophthalmology, 10(3). https://doi.org/10.19080/jojo.2024.10.555792",NA,NA,,Sarbajna2024-yo,5,mos,,5,monoc,OD,6,NA,NA,4.87,NA,NA,NA,2.24,cyc_deg,india,tac_ii
Sarbajna2024-yo,Sarbajna,Sarbajna2024,"Sarbajna, P., Vinekar, A., Manna, P., Berendschot, T., Webers, C. A. B., Shetty, R., & Karmakar, S. (2024). Comparison of age-appropriate visual acuity tests based on preferential looking principles in infants with retinopathy of prematurity. JOJ Ophthalmology, 10(3). https://doi.org/10.19080/jojo.2024.10.555793",NA,NA,,Sarbajna2024-yo,3,mos,,3,monoc,OS,7,NA,NA,2.45,NA,NA,NA,1.11,cyc_deg,india,tac_ii
Sarbajna2024-yo,Sarbajna,Sarbajna2024,"Sarbajna, P., Vinekar, A., Manna, P., Berendschot, T., Webers, C. A. B., Shetty, R., & Karmakar, S. (2024). Comparison of age-appropriate visual acuity tests based on preferential looking principles in infants with retinopathy of prematurity. JOJ Ophthalmology, 10(3). https://doi.org/10.19080/jojo.2024.10.555794",NA,NA,,Sarbajna2024-yo,4,mos,,4,monoc,OS,12,NA,NA,3.53,NA,NA,NA,1.06,cyc_deg,india,tac_ii
Sarbajna2024-yo,Sarbajna,Sarbajna2024,"Sarbajna, P., Vinekar, A., Manna, P., Berendschot, T., Webers, C. A. B., Shetty, R., & Karmakar, S. (2024). Comparison of age-appropriate visual acuity tests based on preferential looking principles in infants with retinopathy of prematurity. JOJ Ophthalmology, 10(3). https://doi.org/10.19080/jojo.2024.10.555795",NA,NA,,Sarbajna2024-yo,5,mos,,5,monoc,OS,6,NA,NA,4.87,NA,NA,NA,2.24,cyc_deg,india,tac_ii
Sarbajna2024-yo,Sarbajna,Sarbajna2024,"Sarbajna, P., Vinekar, A., Manna, P., Berendschot, T., Webers, C. A. B., Shetty, R., & Karmakar, S. (2024). Comparison of age-appropriate visual acuity tests based on preferential looking principles in infants with retinopathy of prematurity. JOJ Ophthalmology, 10(3). https://doi.org/10.19080/jojo.2024.10.555796",NA,NA,,Sarbajna2024-yo,3,mos,,3,binoc,OU,7,NA,NA,2.52,NA,NA,NA,1.35,cyc_deg,india,tac_ii
Sarbajna2024-yo,Sarbajna,Sarbajna2024,"Sarbajna, P., Vinekar, A., Manna, P., Berendschot, T., Webers, C. A. B., Shetty, R., & Karmakar, S. (2024). Comparison of age-appropriate visual acuity tests based on preferential looking principles in infants with retinopathy of prematurity. JOJ Ophthalmology, 10(3). https://doi.org/10.19080/jojo.2024.10.555797",NA,NA,,Sarbajna2024-yo,4,mos,,4,binoc,OU,12,NA,NA,3.02,NA,NA,NA,1.06,cyc_deg,india,tac_ii
Sarbajna2024-yo,Sarbajna,Sarbajna2024,"Sarbajna, P., Vinekar, A., Manna, P., Berendschot, T., Webers, C. A. B., Shetty, R., & Karmakar, S. (2024). Comparison of age-appropriate visual acuity tests based on preferential looking principles in infants with retinopathy of prematurity. JOJ Ophthalmology, 10(3). https://doi.org/10.19080/jojo.2024.10.555798",NA,NA,,Sarbajna2024-yo,5,mos,,5,binoc,OU,6,NA,NA,3.59,NA,NA,NA,2.24,cyc_deg,india,tac_ii
Sarbajna2024-yo,Sarbajna,Sarbajna2024,"Sarbajna, P., Vinekar, A., Manna, P., Berendschot, T., Webers, C. A. B., Shetty, R., & Karmakar, S. (2024). Comparison of age-appropriate visual acuity tests based on preferential looking principles in infants with retinopathy of prematurity. JOJ Ophthalmology, 10(3). https://doi.org/10.19080/jojo.2024.10.555799",NA,NA,,Sarbajna2024-yo,6,mos,,6,monoc,OD,6,NA,NA,5.65,NA,NA,NA,2.28,cyc_deg,india,tac_ii
Sarbajna2024-yo,Sarbajna,Sarbajna2024,"Sarbajna, P., Vinekar, A., Manna, P., Berendschot, T., Webers, C. A. B., Shetty, R., & Karmakar, S. (2024). Comparison of age-appropriate visual acuity tests based on preferential looking principles in infants with retinopathy of prematurity. JOJ Ophthalmology, 10(3). https://doi.org/10.19080/jojo.2024.10.555800",NA,NA,,Sarbajna2024-yo,7,mos,,7,monoc,OD,10,NA,NA,5.74,NA,NA,NA,2.47,cyc_deg,india,tac_ii
Sarbajna2024-yo,Sarbajna,Sarbajna2024,"Sarbajna, P., Vinekar, A., Manna, P., Berendschot, T., Webers, C. A. B., Shetty, R., & Karmakar, S. (2024). Comparison of age-appropriate visual acuity tests based on preferential looking principles in infants with retinopathy of prematurity. JOJ Ophthalmology, 10(3). https://doi.org/10.19080/jojo.2024.10.555801",NA,NA,,Sarbajna2024-yo,8,mos,,8,monoc,OD,8,NA,NA,7.01,NA,NA,NA,2.67,cyc_deg,india,tac_ii
Sarbajna2024-yo,Sarbajna,Sarbajna2024,"Sarbajna, P., Vinekar, A., Manna, P., Berendschot, T., Webers, C. A. B., Shetty, R., & Karmakar, S. (2024). Comparison of age-appropriate visual acuity tests based on preferential looking principles in infants with retinopathy of prematurity. JOJ Ophthalmology, 10(3). https://doi.org/10.19080/jojo.2024.10.555802",NA,NA,,Sarbajna2024-yo,6,mos,,6,monoc,OS,6,NA,NA,5.65,NA,NA,NA,2.28,cyc_deg,india,tac_ii
Sarbajna2024-yo,Sarbajna,Sarbajna2024,"Sarbajna, P., Vinekar, A., Manna, P., Berendschot, T., Webers, C. A. B., Shetty, R., & Karmakar, S. (2024). Comparison of age-appropriate visual acuity tests based on preferential looking principles in infants with retinopathy of prematurity. JOJ Ophthalmology, 10(3). https://doi.org/10.19080/jojo.2024.10.555803",NA,NA,,Sarbajna2024-yo,7,mos,,7,monoc,OS,10,NA,NA,7.75,NA,NA,NA,2.47,cyc_deg,india,tac_ii
Sarbajna2024-yo,Sarbajna,Sarbajna2024,"Sarbajna, P., Vinekar, A., Manna, P., Berendschot, T., Webers, C. A. B., Shetty, R., & Karmakar, S. (2024). Comparison of age-appropriate visual acuity tests based on preferential looking principles in infants with retinopathy of prematurity. JOJ Ophthalmology, 10(3). https://doi.org/10.19080/jojo.2024.10.555804",NA,NA,,Sarbajna2024-yo,8,mos,,8,monoc,OS,8,NA,NA,7.01,NA,NA,NA,2.67,cyc_deg,india,tac_ii
Sarbajna2024-yo,Sarbajna,Sarbajna2024,"Sarbajna, P., Vinekar, A., Manna, P., Berendschot, T., Webers, C. A. B., Shetty, R., & Karmakar, S. (2024). Comparison of age-appropriate visual acuity tests based on preferential looking principles in infants with retinopathy of prematurity. JOJ Ophthalmology, 10(3). https://doi.org/10.19080/jojo.2024.10.555805",NA,NA,,Sarbajna2024-yo,6,mos,,6,binoc,OU,6,NA,NA,5.93,NA,NA,NA,2.2,cyc_deg,india,tac_ii
Sarbajna2024-yo,Sarbajna,Sarbajna2024,"Sarbajna, P., Vinekar, A., Manna, P., Berendschot, T., Webers, C. A. B., Shetty, R., & Karmakar, S. (2024). Comparison of age-appropriate visual acuity tests based on preferential looking principles in infants with retinopathy of prematurity. JOJ Ophthalmology, 10(3). https://doi.org/10.19080/jojo.2024.10.555806",NA,NA,,Sarbajna2024-yo,7,mos,,7,binoc,OU,10,NA,NA,5.82,NA,NA,NA,2.35,cyc_deg,india,tac_ii
Sarbajna2024-yo,Sarbajna,Sarbajna2024,"Sarbajna, P., Vinekar, A., Manna, P., Berendschot, T., Webers, C. A. B., Shetty, R., & Karmakar, S. (2024). Comparison of age-appropriate visual acuity tests based on preferential looking principles in infants with retinopathy of prematurity. JOJ Ophthalmology, 10(3). https://doi.org/10.19080/jojo.2024.10.555807",NA,NA,,Sarbajna2024-yo,8,mos,,8,binoc,OU,8,NA,NA,7.01,NA,NA,NA,2.67,cyc_deg,india,tac_ii
Sarbajna2024-yo,Sarbajna,Sarbajna2024,"Sarbajna, P., Vinekar, A., Manna, P., Berendschot, T., Webers, C. A. B., Shetty, R., & Karmakar, S. (2024). Comparison of age-appropriate visual acuity tests based on preferential looking principles in infants with retinopathy of prematurity. JOJ Ophthalmology, 10(3). https://doi.org/10.19080/jojo.2024.10.555808",NA,NA,,Sarbajna2024-yo,9,mos,,9,monoc,OD,1,NA,NA,6.5,NA,NA,NA,NA,cyc_deg,india,tac_ii
Sarbajna2024-yo,Sarbajna,Sarbajna2024,"Sarbajna, P., Vinekar, A., Manna, P., Berendschot, T., Webers, C. A. B., Shetty, R., & Karmakar, S. (2024). Comparison of age-appropriate visual acuity tests based on preferential looking principles in infants with retinopathy of prematurity. JOJ Ophthalmology, 10(3). https://doi.org/10.19080/jojo.2024.10.555809",NA,NA,,Sarbajna2024-yo,9,mos,,9,monoc,OS,1,NA,NA,6.5,NA,NA,NA,NA,cyc_deg,india,tac_ii
Sarbajna2024-yo,Sarbajna,Sarbajna2024,"Sarbajna, P., Vinekar, A., Manna, P., Berendschot, T., Webers, C. A. B., Shetty, R., & Karmakar, S. (2024). Comparison of age-appropriate visual acuity tests based on preferential looking principles in infants with retinopathy of prematurity. JOJ Ophthalmology, 10(3). https://doi.org/10.19080/jojo.2024.10.555810",NA,NA,,Sarbajna2024-yo,9,mos,,9,monoc,OU,1,NA,NA,6.5,NA,NA,NA,NA,cyc_deg,india,tac_ii
Sarbajna2024-yo,Sarbajna,Sarbajna2024,"Sarbajna, P., Vinekar, A., Manna, P., Berendschot, T., Webers, C. A. B., Shetty, R., & Karmakar, S. (2024). Comparison of age-appropriate visual acuity tests based on preferential looking principles in infants with retinopathy of prematurity. JOJ Ophthalmology, 10(3). https://doi.org/10.19080/jojo.2024.10.555811",NA,NA,,Sarbajna2024-yo,10,mos,,10,monoc,OD,5,NA,NA,7.48,NA,NA,NA,2.22,cyc_deg,india,tac_ii
Sarbajna2024-yo,Sarbajna,Sarbajna2024,"Sarbajna, P., Vinekar, A., Manna, P., Berendschot, T., Webers, C. A. B., Shetty, R., & Karmakar, S. (2024). Comparison of age-appropriate visual acuity tests based on preferential looking principles in infants with retinopathy of prematurity. JOJ Ophthalmology, 10(3). https://doi.org/10.19080/jojo.2024.10.555812",NA,NA,,Sarbajna2024-yo,10,mos,,10,monoc,OS,5,NA,NA,8.84,NA,NA,NA,1.8,cyc_deg,india,tac_ii
Sarbajna2024-yo,Sarbajna,Sarbajna2024,"Sarbajna, P., Vinekar, A., Manna, P., Berendschot, T., Webers, C. A. B., Shetty, R., & Karmakar, S. (2024). Comparison of age-appropriate visual acuity tests based on preferential looking principles in infants with retinopathy of prematurity. JOJ Ophthalmology, 10(3). https://doi.org/10.19080/jojo.2024.10.555813",NA,NA,,Sarbajna2024-yo,10,mos,,10,binoc,OU,5,NA,NA,8.83,NA,NA,NA,1.8,cyc_deg,india,tac_ii
Sarbajna2024-yo,Sarbajna,Sarbajna2024,"Sarbajna, P., Vinekar, A., Manna, P., Berendschot, T., Webers, C. A. B., Shetty, R., & Karmakar, S. (2024). Comparison of age-appropriate visual acuity tests based on preferential looking principles in infants with retinopathy of prematurity. JOJ Ophthalmology, 10(3). https://doi.org/10.19080/jojo.2024.10.555814",NA,NA,,Sarbajna2024-yo,11,mos,,11,monoc,OD,1,NA,NA,9.8,NA,NA,NA,NA,cyc_deg,india,tac_ii
Sarbajna2024-yo,Sarbajna,Sarbajna2024,"Sarbajna, P., Vinekar, A., Manna, P., Berendschot, T., Webers, C. A. B., Shetty, R., & Karmakar, S. (2024). Comparison of age-appropriate visual acuity tests based on preferential looking principles in infants with retinopathy of prematurity. JOJ Ophthalmology, 10(3). https://doi.org/10.19080/jojo.2024.10.555815",NA,NA,,Sarbajna2024-yo,11,mos,,11,monoc,OS,1,NA,NA,9.8,NA,NA,NA,NA,cyc_deg,india,tac_ii
Sarbajna2024-yo,Sarbajna,Sarbajna2024,"Sarbajna, P., Vinekar, A., Manna, P., Berendschot, T., Webers, C. A. B., Shetty, R., & Karmakar, S. (2024). Comparison of age-appropriate visual acuity tests based on preferential looking principles in infants with retinopathy of prematurity. JOJ Ophthalmology, 10(3). https://doi.org/10.19080/jojo.2024.10.555816",NA,NA,,Sarbajna2024-yo,11,mos,,11,binoc,OU,1,NA,NA,9.8,NA,NA,NA,NA,cyc_deg,india,tac_ii
Sarbajna2024-yo,Sarbajna,Sarbajna2024,"Sarbajna, P., Vinekar, A., Manna, P., Berendschot, T., Webers, C. A. B., Shetty, R., & Karmakar, S. (2024). Comparison of age-appropriate visual acuity tests based on preferential looking principles in infants with retinopathy of prematurity. JOJ Ophthalmology, 10(3). https://doi.org/10.19080/jojo.2024.10.555817",NA,NA,,Sarbajna2024-yo,12,mos,,12,monoc,OD,19,NA,NA,9.1,NA,NA,NA,1.38,cyc_deg,india,tac_ii
Sarbajna2024-yo,Sarbajna,Sarbajna2024,"Sarbajna, P., Vinekar, A., Manna, P., Berendschot, T., Webers, C. A. B., Shetty, R., & Karmakar, S. (2024). Comparison of age-appropriate visual acuity tests based on preferential looking principles in infants with retinopathy of prematurity. JOJ Ophthalmology, 10(3). https://doi.org/10.19080/jojo.2024.10.555818",NA,NA,,Sarbajna2024-yo,12,mos,,12,monoc,OS,19,NA,NA,9.1,NA,NA,NA,1.38,cyc_deg,india,tac_ii
Sarbajna2024-yo,Sarbajna,Sarbajna2024,"Sarbajna, P., Vinekar, A., Manna, P., Berendschot, T., Webers, C. A. B., Shetty, R., & Karmakar, S. (2024). Comparison of age-appropriate visual acuity tests based on preferential looking principles in infants with retinopathy of prematurity. JOJ Ophthalmology, 10(3). https://doi.org/10.19080/jojo.2024.10.555819",NA,NA,,Sarbajna2024-yo,12,mos,,12,binoc,OU,19,NA,NA,9.1,NA,NA,NA,1.38,cyc_deg,india,tac_ii
